{
  "timestamp": "2025-09-01T13:10:43.769947",
  "version": "v2.2_direct_27features",
  "data_file": "data/processed/v13_xg_safe_features.csv",
  "feature_names": [
    "form_diff_normalized",
    "elo_diff_normalized",
    "h2h_score",
    "matchday_normalized",
    "shots_diff_normalized",
    "corners_diff_normalized",
    "market_entropy_norm",
    "home_xg_roll_5",
    "home_goals_sum_5",
    "home_xg_sum_5",
    "home_xg_eff_5",
    "home_xg_roll_10",
    "home_goals_sum_10",
    "home_xg_sum_10",
    "home_xg_eff_10",
    "away_xg_roll_5",
    "away_goals_sum_5",
    "away_xg_sum_5",
    "away_xg_eff_5",
    "away_xg_roll_10",
    "away_goals_sum_10",
    "away_xg_sum_10",
    "away_xg_eff_10",
    "xg_roll_5_diff",
    "xg_roll_10_diff",
    "xg_roll_5_diff_normalized",
    "xg_roll_10_diff_normalized"
  ],
  "training_results": {
    "model_type": "CalibratedClassifierCV(RandomForestClassifier)",
    "best_params": {
      "class_weight": "balanced_subsample",
      "max_depth": 15,
      "max_features": 0.8,
      "min_samples_leaf": 2,
      "min_samples_split": 15,
      "n_estimators": 300
    },
    "best_cv_score": 0.5130434782608696,
    "validation_accuracy": 0.5763157894736842,
    "validation_log_loss": 1.0396482130086857,
    "classification_report": {
      "Home": {
        "precision": 0.6323529411764706,
        "recall": 0.7371428571428571,
        "f1-score": 0.6807387862796834,
        "support": 175.0
      },
      "Draw": {
        "precision": 0.4,
        "recall": 0.024390243902439025,
        "f1-score": 0.04597701149425287,
        "support": 82.0
      },
      "Away": {
        "precision": 0.5146198830409356,
        "recall": 0.7154471544715447,
        "f1-score": 0.5986394557823129,
        "support": 123.0
      },
      "accuracy": 0.5763157894736842,
      "macro avg": {
        "precision": 0.5156576080724687,
        "recall": 0.4923267518389469,
        "f1-score": 0.4417850845187497,
        "support": 380.0
      },
      "weighted avg": {
        "precision": 0.5441052903155722,
        "recall": 0.5763157894736842,
        "f1-score": 0.5171896200070996,
        "support": 380.0
      }
    },
    "feature_importance": [
      [
        "elo_diff_normalized",
        0.11340150781742322
      ],
      [
        "market_entropy_norm",
        0.07151654636213375
      ],
      [
        "corners_diff_normalized",
        0.05529949351042773
      ],
      [
        "away_xg_eff_5",
        0.05404432376010506
      ],
      [
        "away_xg_eff_10",
        0.04909464193335491
      ],
      [
        "xg_roll_10_diff_normalized",
        0.04740315550783937
      ],
      [
        "home_xg_eff_5",
        0.045683791887162206
      ],
      [
        "home_xg_eff_10",
        0.04425708284408365
      ],
      [
        "xg_roll_10_diff",
        0.04394454914847173
      ],
      [
        "shots_diff_normalized",
        0.04087928490155378
      ],
      [
        "matchday_normalized",
        0.038662729157246646
      ],
      [
        "away_xg_roll_10",
        0.03502674027883723
      ],
      [
        "home_xg_roll_10",
        0.03247341983483898
      ],
      [
        "form_diff_normalized",
        0.0322767731319896
      ],
      [
        "away_xg_sum_10",
        0.028460639140962116
      ],
      [
        "home_xg_sum_10",
        0.027521474319334056
      ],
      [
        "xg_roll_5_diff",
        0.026621136510446657
      ],
      [
        "h2h_score",
        0.026572075699642202
      ],
      [
        "home_xg_roll_5",
        0.026491704142596214
      ],
      [
        "xg_roll_5_diff_normalized",
        0.02554170537263734
      ],
      [
        "away_xg_roll_5",
        0.024651989314320562
      ],
      [
        "home_xg_sum_5",
        0.023617912770834353
      ],
      [
        "away_xg_sum_5",
        0.022099065993348304
      ],
      [
        "away_goals_sum_10",
        0.018372299025500784
      ],
      [
        "home_goals_sum_10",
        0.016385534970930597
      ],
      [
        "home_goals_sum_5",
        0.015803658889086917
      ],
      [
        "away_goals_sum_5",
        0.01389676377489213
      ]
    ],
    "n_features": 27
  },
  "test_results": {
    "test_accuracy": 0.5421052631578948,
    "test_log_loss": 1.002395590326261,
    "classification_report": {
      "Home": {
        "precision": 0.5588235294117647,
        "recall": 0.7354838709677419,
        "f1-score": 0.6350974930362117,
        "support": 155.0
      },
      "Draw": {
        "precision": 0.25,
        "recall": 0.010752688172043012,
        "f1-score": 0.020618556701030927,
        "support": 93.0
      },
      "Away": {
        "precision": 0.5290697674418605,
        "recall": 0.6893939393939394,
        "f1-score": 0.5986842105263158,
        "support": 132.0
      },
      "accuracy": 0.5421052631578948,
      "macro avg": {
        "precision": 0.44596443228454175,
        "recall": 0.4785434995112414,
        "f1-score": 0.4181334200878528,
        "support": 380.0
      },
      "weighted avg": {
        "precision": 0.47290751673986614,
        "recall": 0.5421052631578948,
        "f1-score": 0.47206303416653256,
        "support": 380.0
      }
    },
    "confusion_matrix": [
      [
        114,
        3,
        38
      ],
      [
        49,
        1,
        43
      ],
      [
        41,
        0,
        91
      ]
    ],
    "n_test_samples": 380,
    "baselines_comparison": {
      "random_33": 20.910526315789475,
      "majority_436": 10.610526315789476,
      "v21_target_542": 0.01052631578947194,
      "rolling_5feat_489": 5.310526315789477
    }
  },
  "summary": {
    "final_test_accuracy": 0.5421052631578948,
    "target_achieved": false,
    "beats_v21": true,
    "beats_rolling_5feat": true
  }
}