Date,HomeTeam,AwayTeam,Referee,FTR,HY,AY,HR,AR,Season
2019-08-09,Liverpool,Norwich,M Oliver,H,0,2,0,0,2019_20
2019-08-10,West Ham,Man City,M Dean,A,2,2,0,0,2019_20
2019-08-10,Bournemouth,Sheffield United,K Friend,D,2,1,0,0,2019_20
2019-08-10,Burnley,Southampton,G Scott,H,0,0,0,0,2019_20
2019-08-10,Crystal Palace,Everton,J Moss,D,2,1,0,1,2019_20
2019-08-10,Watford,Brighton,C Pawson,A,0,1,0,0,2019_20
2019-08-10,Tottenham,Aston Villa,C Kavanagh,H,1,0,0,0,2019_20
2019-08-11,Leicester,Wolves,A Marriner,D,0,2,0,0,2019_20
2019-08-11,Newcastle,Arsenal,M Atkinson,A,1,3,0,0,2019_20
2019-08-11,Man United,Chelsea,A Taylor,H,3,4,0,0,2019_20
2019-08-17,Arsenal,Burnley,M Dean,H,2,1,0,0,2019_20
2019-08-17,Aston Villa,Bournemouth,M Atkinson,A,0,2,0,0,2019_20
2019-08-17,Brighton,West Ham,A Taylor,D,0,2,0,0,2019_20
2019-08-17,Everton,Watford,L Mason,H,2,3,0,0,2019_20
2019-08-17,Norwich,Newcastle,S Attwell,H,1,3,0,0,2019_20
2019-08-17,Southampton,Liverpool,A Marriner,A,2,1,0,0,2019_20
2019-08-17,Man City,Tottenham,M Oliver,D,1,0,0,0,2019_20
2019-08-18,Sheffield United,Crystal Palace,D Coote,H,3,1,0,0,2019_20
2019-08-18,Chelsea,Leicester,O Langford,D,1,0,0,0,2019_20
2019-08-19,Wolves,Man United,J Moss,D,2,2,0,0,2019_20
2019-08-23,Aston Villa,Everton,M Oliver,H,2,3,0,0,2019_20
2019-08-24,Norwich,Chelsea,M Atkinson,A,1,1,0,0,2019_20
2019-08-24,Brighton,Southampton,K Friend,A,1,3,1,0,2019_20
2019-08-24,Man United,Crystal Palace,P Tierney,A,2,4,0,0,2019_20
2019-08-24,Sheffield United,Leicester,A Madley,A,1,0,0,0,2019_20
2019-08-24,Watford,West Ham,C Kavanagh,A,1,1,0,0,2019_20
2019-08-24,Liverpool,Arsenal,A Taylor,H,1,1,0,0,2019_20
2019-08-25,Bournemouth,Man City,A Marriner,A,1,3,0,0,2019_20
2019-08-25,Tottenham,Newcastle,M Dean,A,2,2,0,0,2019_20
2019-08-25,Wolves,Burnley,C Pawson,D,0,2,0,0,2019_20
2019-08-31,Southampton,Man United,M Dean,D,1,2,1,0,2019_20
2019-08-31,Chelsea,Sheffield United,S Attwell,D,0,1,0,0,2019_20
2019-08-31,Crystal Palace,Aston Villa,K Friend,H,2,4,0,1,2019_20
2019-08-31,Leicester,Bournemouth,P Bankes,H,1,3,0,0,2019_20
2019-08-31,Man City,Brighton,J Moss,H,1,1,0,0,2019_20
2019-08-31,Newcastle,Watford,G Scott,D,2,3,0,0,2019_20
2019-08-31,West Ham,Norwich,P Tierney,H,2,1,0,0,2019_20
2019-08-31,Burnley,Liverpool,C Kavanagh,A,0,0,0,0,2019_20
2019-09-01,Everton,Wolves,A Taylor,H,1,4,0,1,2019_20
2019-09-01,Arsenal,Tottenham,M Atkinson,D,3,5,0,0,2019_20
2019-09-14,Liverpool,Newcastle,A Marriner,H,0,0,0,0,2019_20
2019-09-14,Brighton,Burnley,M Oliver,D,0,2,0,0,2019_20
2019-09-14,Man United,Leicester,M Atkinson,H,1,2,0,0,2019_20
2019-09-14,Sheffield United,Southampton,L Mason,A,1,1,1,0,2019_20
2019-09-14,Tottenham,Crystal Palace,C Pawson,H,4,2,0,0,2019_20
2019-09-14,Wolves,Chelsea,G Scott,A,1,2,0,0,2019_20
2019-09-14,Norwich,Man City,K Friend,H,3,1,0,0,2019_20
2019-09-15,Bournemouth,Everton,P Tierney,H,0,4,0,0,2019_20
2019-09-15,Watford,Arsenal,A Taylor,D,3,3,0,0,2019_20
2019-09-16,Aston Villa,West Ham,M Dean,D,2,1,0,1,2019_20
2019-09-20,Southampton,Bournemouth,C Kavanagh,A,1,3,0,0,2019_20
2019-09-21,Leicester,Tottenham,P Tierney,H,1,2,0,0,2019_20
2019-09-21,Burnley,Norwich,D Coote,H,0,1,0,0,2019_20
2019-09-21,Everton,Sheffield United,S Hooper,A,1,3,0,0,2019_20
2019-09-21,Man City,Watford,M Dean,H,2,2,0,0,2019_20
2019-09-21,Newcastle,Brighton,M Atkinson,D,2,1,0,0,2019_20
2019-09-22,Crystal Palace,Wolves,S Attwell,D,2,1,0,1,2019_20
2019-09-22,West Ham,Man United,A Taylor,H,2,2,0,0,2019_20
2019-09-22,Arsenal,Aston Villa,J Moss,H,5,1,1,0,2019_20
2019-09-22,Chelsea,Liverpool,M Oliver,A,3,3,0,0,2019_20
2019-09-28,Sheffield United,Liverpool,A Taylor,A,1,1,0,0,2019_20
2019-09-28,Aston Villa,Burnley,L Mason,D,1,4,0,0,2019_20
2019-09-28,Bournemouth,West Ham,S Attwell,D,3,1,0,0,2019_20
2019-09-28,Chelsea,Brighton,C Kavanagh,H,2,3,0,0,2019_20
2019-09-28,Crystal Palace,Norwich,J Moss,H,3,1,0,0,2019_20
2019-09-28,Tottenham,Southampton,G Scott,H,0,2,1,0,2019_20
2019-09-28,Wolves,Watford,P Tierney,H,0,1,0,0,2019_20
2019-09-28,Everton,Man City,M Oliver,A,2,2,0,0,2019_20
2019-09-29,Leicester,Newcastle,C Pawson,H,1,1,0,1,2019_20
2019-09-30,Man United,Arsenal,K Friend,D,4,2,0,0,2019_20
2019-10-05,Brighton,Tottenham,J Moss,H,2,1,0,0,2019_20
2019-10-05,Burnley,Everton,G Scott,H,2,1,0,1,2019_20
2019-10-05,Liverpool,Leicester,C Kavanagh,H,1,4,0,0,2019_20
2019-10-05,Norwich,Aston Villa,A Madley,A,1,3,0,0,2019_20
2019-10-05,Watford,Sheffield United,A Marriner,D,0,2,0,0,2019_20
2019-10-05,West Ham,Crystal Palace,M Oliver,A,3,2,0,0,2019_20
2019-10-06,Arsenal,Bournemouth,M Atkinson,H,1,2,0,0,2019_20
2019-10-06,Man City,Wolves,C Pawson,A,5,2,0,0,2019_20
2019-10-06,Southampton,Chelsea,P Tierney,A,0,1,0,0,2019_20
2019-10-06,Newcastle,Man United,M Dean,H,3,3,0,0,2019_20
2019-10-19,Everton,West Ham,P Tierney,H,2,2,0,0,2019_20
2019-10-19,Aston Villa,Brighton,D Coote,H,1,2,0,1,2019_20
2019-10-19,Bournemouth,Norwich,L Mason,D,1,3,0,0,2019_20
2019-10-19,Chelsea,Newcastle,A Marriner,H,2,1,0,0,2019_20
2019-10-19,Leicester,Burnley,J Moss,H,0,3,0,0,2019_20
2019-10-19,Tottenham,Watford,C Kavanagh,D,4,3,0,0,2019_20
2019-10-19,Wolves,Southampton,P Bankes,D,3,2,0,0,2019_20
2019-10-19,Crystal Palace,Man City,A Taylor,A,1,1,0,0,2019_20
2019-10-20,Man United,Liverpool,M Atkinson,D,0,1,0,0,2019_20
2019-10-21,Sheffield United,Arsenal,M Dean,H,4,4,0,0,2019_20
2019-10-25,Southampton,Leicester,A Marriner,A,0,0,1,0,2019_20
2019-10-26,Man City,Aston Villa,G Scott,H,1,1,1,0,2019_20
2019-10-26,Brighton,Everton,A Madley,H,2,1,0,0,2019_20
2019-10-26,Watford,Bournemouth,M Dean,D,5,3,0,0,2019_20
2019-10-26,West Ham,Sheffield United,D Coote,D,2,2,0,0,2019_20
2019-10-26,Burnley,Chelsea,M Oliver,A,3,2,0,0,2019_20
2019-10-27,Newcastle,Wolves,K Friend,D,2,2,1,0,2019_20
2019-10-27,Arsenal,Crystal Palace,M Atkinson,D,2,0,0,0,2019_20
2019-10-27,Liverpool,Tottenham,A Taylor,H,3,3,0,0,2019_20
2019-10-27,Norwich,Man United,S Attwell,A,2,2,0,0,2019_20
2019-11-02,Bournemouth,Man United,C Kavanagh,H,4,3,0,0,2019_20
2019-11-02,Arsenal,Wolves,M Oliver,D,0,2,0,0,2019_20
2019-11-02,Aston Villa,Liverpool,J Moss,A,1,2,0,0,2019_20
2019-11-02,Brighton,Norwich,K Friend,H,0,1,0,0,2019_20
2019-11-02,Man City,Southampton,L Mason,H,3,1,0,0,2019_20
2019-11-02,Sheffield United,Burnley,S Hooper,H,1,2,0,0,2019_20
2019-11-02,West Ham,Newcastle,S Attwell,A,2,1,0,0,2019_20
2019-11-02,Watford,Chelsea,A Taylor,A,4,2,0,0,2019_20
2019-11-03,Crystal Palace,Leicester,P Tierney,A,2,2,0,0,2019_20
2019-11-03,Everton,Tottenham,M Atkinson,D,1,2,0,1,2019_20
2019-11-08,Norwich,Watford,A Marriner,A,1,2,0,1,2019_20
2019-11-09,Chelsea,Crystal Palace,M Dean,H,3,2,0,0,2019_20
2019-11-09,Burnley,West Ham,K Friend,H,2,1,0,0,2019_20
2019-11-09,Newcastle,Bournemouth,M Atkinson,H,2,0,0,0,2019_20
2019-11-09,Southampton,Everton,P Tierney,A,1,1,0,0,2019_20
2019-11-09,Tottenham,Sheffield United,G Scott,D,2,2,0,0,2019_20
2019-11-09,Leicester,Arsenal,C Kavanagh,H,1,1,0,0,2019_20
2019-11-10,Man United,Brighton,J Moss,H,2,5,0,0,2019_20
2019-11-10,Wolves,Aston Villa,A Taylor,H,4,3,0,0,2019_20
2019-11-10,Liverpool,Man City,M Oliver,H,0,2,0,0,2019_20
2019-11-23,West Ham,Tottenham,M Oliver,A,3,2,0,0,2019_20
2019-11-23,Arsenal,Southampton,S Attwell,D,6,2,0,0,2019_20
2019-11-23,Bournemouth,Wolves,S Hooper,A,2,1,1,0,2019_20
2019-11-23,Brighton,Leicester,M Dean,A,2,0,0,0,2019_20
2019-11-23,Crystal Palace,Liverpool,K Friend,A,0,1,0,0,2019_20
2019-11-23,Everton,Norwich,A Taylor,A,3,5,0,0,2019_20
2019-11-23,Watford,Burnley,P Tierney,A,0,3,0,0,2019_20
2019-11-23,Man City,Chelsea,M Atkinson,H,1,1,0,0,2019_20
2019-11-24,Sheffield United,Man United,A Marriner,D,1,2,0,0,2019_20
2019-11-25,Aston Villa,Newcastle,L Mason,H,1,1,0,0,2019_20
2019-11-30,Newcastle,Man City,C Kavanagh,D,1,2,0,0,2019_20
2019-11-30,Burnley,Crystal Palace,P Bankes,A,2,0,0,0,2019_20
2019-11-30,Chelsea,West Ham,J Moss,A,0,3,0,0,2019_20
2019-11-30,Liverpool,Brighton,M Atkinson,H,0,0,1,0,2019_20
2019-11-30,Tottenham,Bournemouth,L Mason,H,0,2,0,0,2019_20
2019-11-30,Southampton,Watford,M Oliver,H,1,0,0,0,2019_20
2019-12-01,Norwich,Arsenal,P Tierney,D,2,1,0,0,2019_20
2019-12-01,Wolves,Sheffield United,D Coote,D,1,4,0,0,2019_20
2019-12-01,Leicester,Everton,G Scott,H,0,1,0,0,2019_20
2019-12-01,Man United,Aston Villa,C Pawson,D,4,1,0,0,2019_20
2019-12-03,Crystal Palace,Bournemouth,A Taylor,H,3,3,1,0,2019_20
2019-12-03,Burnley,Man City,J Moss,A,1,1,0,0,2019_20
2019-12-04,Chelsea,Aston Villa,C Kavanagh,H,2,1,0,0,2019_20
2019-12-04,Leicester,Watford,C Pawson,H,3,2,0,0,2019_20
2019-12-04,Man United,Tottenham,P Tierney,H,0,1,0,0,2019_20
2019-12-04,Southampton,Norwich,K Friend,H,1,1,0,0,2019_20
2019-12-04,Wolves,West Ham,A Marriner,H,1,2,0,0,2019_20
2019-12-04,Liverpool,Everton,M Dean,H,1,2,0,0,2019_20
2019-12-05,Sheffield United,Newcastle,S Attwell,A,2,0,0,0,2019_20
2019-12-05,Arsenal,Brighton,G Scott,A,3,1,0,0,2019_20
2019-12-07,Everton,Chelsea,C Pawson,H,3,0,0,0,2019_20
2019-12-07,Bournemouth,Liverpool,C Kavanagh,A,0,1,0,0,2019_20
2019-12-07,Tottenham,Burnley,K Friend,H,1,1,0,0,2019_20
2019-12-07,Watford,Crystal Palace,M Atkinson,D,4,2,0,0,2019_20
2019-12-07,Man City,Man United,A Taylor,A,3,2,0,0,2019_20
2019-12-08,Aston Villa,Leicester,M Oliver,A,6,2,0,0,2019_20
2019-12-08,Newcastle,Southampton,D Coote,H,1,3,0,0,2019_20
2019-12-08,Norwich,Sheffield United,S Hooper,A,0,4,0,0,2019_20
2019-12-08,Brighton,Wolves,J Moss,D,3,0,0,0,2019_20
2019-12-09,West Ham,Arsenal,M Dean,A,2,0,0,0,2019_20
2019-12-14,Liverpool,Watford,A Marriner,H,2,1,0,0,2019_20
2019-12-14,Burnley,Newcastle,T Robinson,H,0,2,0,0,2019_20
2019-12-14,Chelsea,Bournemouth,G Scott,A,1,2,0,0,2019_20
2019-12-14,Leicester,Norwich,A Madley,D,0,4,0,0,2019_20
2019-12-14,Sheffield United,Aston Villa,P Bankes,H,2,2,0,0,2019_20
2019-12-14,Southampton,West Ham,M Atkinson,A,1,3,0,0,2019_20
2019-12-15,Man United,Everton,M Oliver,D,1,2,0,0,2019_20
2019-12-15,Wolves,Tottenham,S Attwell,A,4,4,0,0,2019_20
2019-12-15,Arsenal,Man City,P Tierney,A,1,4,0,0,2019_20
2019-12-16,Crystal Palace,Brighton,C Pawson,D,1,1,0,0,2019_20
2019-12-21,Everton,Arsenal,K Friend,D,2,3,0,0,2019_20
2019-12-21,Aston Villa,Southampton,C Pawson,A,2,1,0,0,2019_20
2019-12-21,Bournemouth,Burnley,M Atkinson,A,2,4,0,0,2019_20
2019-12-21,Brighton,Sheffield United,R Jones,A,1,3,0,0,2019_20
2019-12-21,Newcastle,Crystal Palace,S Hooper,H,2,0,0,0,2019_20
2019-12-21,Norwich,Wolves,P Bankes,A,2,4,0,0,2019_20
2019-12-21,Man City,Leicester,M Dean,H,2,2,0,0,2019_20
2019-12-22,Watford,Man United,L Mason,H,3,1,0,0,2019_20
2019-12-22,Tottenham,Chelsea,A Taylor,A,4,3,1,0,2019_20
2019-12-26,Tottenham,Brighton,G Scott,H,4,2,0,0,2019_20
2019-12-26,Aston Villa,Norwich,C Kavanagh,H,2,3,0,0,2019_20
2019-12-26,Bournemouth,Arsenal,S Attwell,D,4,4,0,0,2019_20
2019-12-26,Chelsea,Southampton,J Moss,A,3,2,0,0,2019_20
2019-12-26,Crystal Palace,West Ham,A Marriner,H,0,2,0,0,2019_20
2019-12-26,Everton,Burnley,A Taylor,H,0,0,0,0,2019_20
2019-12-26,Sheffield United,Watford,D Coote,D,1,3,0,0,2019_20
2019-12-26,Man United,Newcastle,K Friend,H,2,2,0,0,2019_20
2019-12-26,Leicester,Liverpool,M Oliver,A,1,1,0,0,2019_20
2019-12-27,Wolves,Man City,M Atkinson,H,0,1,0,1,2019_20
2019-12-28,Brighton,Bournemouth,P Tierney,H,0,2,0,0,2019_20
2019-12-28,Newcastle,Everton,L Mason,A,2,2,0,0,2019_20
2019-12-28,Southampton,Crystal Palace,A Madley,D,1,2,0,0,2019_20
2019-12-28,Watford,Aston Villa,S Hooper,H,3,1,1,0,2019_20
2019-12-28,Norwich,Tottenham,K Friend,D,3,3,0,0,2019_20
2019-12-28,West Ham,Leicester,D Coote,A,4,1,0,0,2019_20
2019-12-28,Burnley,Man United,M Dean,A,4,3,0,0,2019_20
2019-12-29,Arsenal,Chelsea,C Pawson,A,5,4,0,0,2019_20
2019-12-29,Liverpool,Wolves,A Taylor,H,1,0,0,0,2019_20
2019-12-29,Man City,Sheffield United,C Kavanagh,H,1,1,0,0,2019_20
2020-01-01,Brighton,Chelsea,S Attwell,D,2,3,0,0,2019_20
2020-01-01,Burnley,Aston Villa,M Oliver,A,1,1,0,0,2019_20
2020-01-01,Newcastle,Leicester,M Atkinson,A,1,1,0,0,2019_20
2020-01-01,Southampton,Tottenham,M Dean,H,3,4,0,0,2019_20
2020-01-01,Watford,Wolves,A Madley,H,3,1,1,0,2019_20
2020-01-01,Man City,Everton,A Marriner,H,0,4,0,0,2019_20
2020-01-01,Norwich,Crystal Palace,J Moss,D,5,0,0,0,2019_20
2020-01-01,West Ham,Bournemouth,G Scott,H,1,2,0,0,2019_20
2020-01-01,Arsenal,Man United,C Kavanagh,H,2,0,0,0,2019_20
2020-01-02,Liverpool,Sheffield United,P Tierney,H,0,0,0,0,2019_20
2020-01-10,Sheffield United,West Ham,M Oliver,H,1,0,0,0,2019_20
2020-01-11,Crystal Palace,Arsenal,P Tierney,D,2,3,0,1,2019_20
2020-01-11,Chelsea,Burnley,K Friend,H,0,3,0,0,2019_20
2020-01-11,Everton,Brighton,D Coote,H,2,1,0,0,2019_20
2020-01-11,Leicester,Southampton,L Mason,A,0,3,0,0,2019_20
2020-01-11,Man United,Norwich,A Taylor,H,0,0,0,0,2019_20
2020-01-11,Wolves,Newcastle,P Bankes,D,0,3,0,0,2019_20
2020-01-11,Tottenham,Liverpool,M Atkinson,A,0,2,0,0,2019_20
2020-01-12,Bournemouth,Watford,M Dean,A,1,1,0,0,2019_20
2020-01-12,Aston Villa,Man City,J Moss,A,2,1,0,0,2019_20
2020-01-18,Watford,Tottenham,M Oliver,D,2,3,0,0,2019_20
2020-01-18,Arsenal,Sheffield United,M Dean,D,1,2,0,0,2019_20
2020-01-18,Brighton,Aston Villa,A Madley,D,3,3,0,0,2019_20
2020-01-18,Man City,Crystal Palace,S Scott,D,1,2,0,0,2019_20
2020-01-18,Norwich,Bournemouth,P Tierney,H,2,2,1,1,2019_20
2020-01-18,Southampton,Wolves,D England,A,2,1,0,0,2019_20
2020-01-18,West Ham,Everton,A Marriner,D,1,0,0,0,2019_20
2020-01-18,Newcastle,Chelsea,C Kavanagh,H,1,1,0,0,2019_20
2020-01-19,Burnley,Leicester,A Taylor,H,1,0,0,0,2019_20
2020-01-19,Liverpool,Man United,C Pawson,H,1,3,0,0,2019_20
2020-01-21,Aston Villa,Watford,M Atkinson,H,2,2,0,0,2019_20
2020-01-21,Bournemouth,Brighton,K Friend,H,1,1,0,0,2019_20
2020-01-21,Crystal Palace,Southampton,A Marriner,A,1,2,0,0,2019_20
2020-01-21,Everton,Newcastle,S Hooper,D,1,1,0,0,2019_20
2020-01-21,Sheffield United,Man City,L Mason,A,4,3,0,0,2019_20
2020-01-21,Chelsea,Arsenal,S Attwell,D,2,1,0,1,2019_20
2020-01-22,Leicester,West Ham,D Coote,H,1,1,0,0,2019_20
2020-01-22,Tottenham,Norwich,C Kavanagh,H,0,1,0,0,2019_20
2020-01-22,Man United,Burnley,J Moss,A,0,2,0,0,2019_20
2020-01-23,Wolves,Liverpool,M Oliver,A,0,1,0,0,2019_20
2020-01-29,West Ham,Liverpool,J Moss,A,2,0,0,0,2019_20
2020-02-01,Leicester,Chelsea,L Mason,D,2,2,0,0,2019_20
2020-02-01,Bournemouth,Aston Villa,A Taylor,H,1,3,1,0,2019_20
2020-02-01,Crystal Palace,Sheffield United,A Madley,A,3,2,0,0,2019_20
2020-02-01,Liverpool,Southampton,K Friend,H,0,2,0,0,2019_20
2020-02-01,Newcastle,Norwich,M Atkinson,D,2,1,0,0,2019_20
2020-02-01,Watford,Everton,C Pawson,A,2,2,0,1,2019_20
2020-02-01,West Ham,Brighton,M Oliver,D,1,1,0,0,2019_20
2020-02-01,Man United,Wolves,P Tierney,D,3,2,0,0,2019_20
2020-02-02,Burnley,Arsenal,C Kavanagh,D,1,3,0,0,2019_20
2020-02-02,Tottenham,Man City,M Dean,H,2,3,0,1,2019_20
2020-02-08,Everton,Crystal Palace,D Coote,H,0,1,0,0,2019_20
2020-02-08,Brighton,Watford,K Friend,D,2,2,0,0,2019_20
2020-02-09,Sheffield United,Bournemouth,J Moss,H,2,2,0,0,2019_20
2020-02-14,Wolves,Leicester,M Dean,D,2,2,0,1,2019_20
2020-02-15,Southampton,Burnley,S Hooper,A,2,2,0,0,2019_20
2020-02-15,Norwich,Liverpool,S Attwell,A,1,2,0,0,2019_20
2020-02-16,Aston Villa,Tottenham,M Atkinson,A,2,0,0,0,2019_20
2020-02-16,Arsenal,Newcastle,L Mason,H,2,0,0,0,2019_20
2020-02-17,Chelsea,Man United,A Taylor,A,4,3,0,0,2019_20
2020-02-19,Man City,West Ham,K Friend,H,0,1,0,0,2019_20
2020-02-22,Chelsea,Tottenham,M Oliver,H,1,2,0,0,2019_20
2020-02-22,Burnley,Bournemouth,M Dean,H,4,3,0,0,2019_20
2020-02-22,Crystal Palace,Newcastle,P Bankes,H,2,6,0,1,2019_20
2020-02-22,Sheffield United,Brighton,G Scott,D,0,2,0,0,2019_20
2020-02-22,Southampton,Aston Villa,C Pawson,H,1,4,0,0,2019_20
2020-02-22,Leicester,Man City,P Tierney,A,0,0,0,0,2019_20
2020-02-23,Man United,Watford,M Atkinson,H,0,1,0,0,2019_20
2020-02-23,Wolves,Norwich,C Kavanagh,H,2,3,0,0,2019_20
2020-02-23,Arsenal,Everton,S Attwell,H,0,4,0,0,2019_20
2020-02-24,Liverpool,West Ham,J Moss,H,0,3,0,0,2019_20
2020-02-28,Norwich,Leicester,C Pawson,H,1,2,0,0,2019_20
2020-02-29,Brighton,Crystal Palace,M Atkinson,A,1,1,0,0,2019_20
2020-02-29,Bournemouth,Chelsea,A Marriner,D,2,2,0,0,2019_20
2020-02-29,Newcastle,Burnley,A Madley,D,4,3,0,0,2019_20
2020-02-29,West Ham,Southampton,A Taylor,H,1,1,0,0,2019_20
2020-02-29,Watford,Liverpool,M Oliver,H,0,0,0,0,2019_20
2020-03-01,Everton,Man United,C Kavanagh,D,3,4,0,0,2019_20
2020-03-01,Tottenham,Wolves,S Attwell,A,3,2,0,0,2019_20
2020-03-07,Liverpool,Bournemouth,P Tierney,H,0,1,0,0,2019_20
2020-03-07,Arsenal,West Ham,M Atkinson,H,1,2,0,0,2019_20
2020-03-07,Crystal Palace,Watford,A Taylor,H,4,4,0,0,2019_20
2020-03-07,Sheffield United,Norwich,S Hooper,H,0,0,0,0,2019_20
2020-03-07,Southampton,Newcastle,G Scott,A,0,3,1,0,2019_20
2020-03-07,Wolves,Brighton,A Marriner,D,1,3,0,0,2019_20
2020-03-07,Burnley,Tottenham,J Moss,D,5,4,0,0,2019_20
2020-03-08,Chelsea,Everton,K Friend,H,1,2,0,0,2019_20
2020-03-08,Man United,Man City,M Dean,H,2,4,0,0,2019_20
2020-03-09,Leicester,Aston Villa,M Oliver,H,2,1,0,0,2019_20
2020-06-17,Aston Villa,Sheffield United,M Oliver,D,1,1,0,0,2019_20
2020-06-17,Man City,Arsenal,A Taylor,H,1,1,0,1,2019_20
2020-06-19,Norwich,Southampton,K Friend,A,1,1,0,0,2019_20
2020-06-19,Tottenham,Man United,J Moss,D,0,1,0,0,2019_20
2020-06-20,Watford,Leicester,C Pawson,D,0,1,0,0,2019_20
2020-06-20,Brighton,Arsenal,M Atkinson,H,2,1,0,0,2019_20
2020-06-20,West Ham,Wolves,A Taylor,A,1,1,0,0,2019_20
2020-06-20,Bournemouth,Crystal Palace,S Attwell,A,3,2,0,0,2019_20
2020-06-21,Newcastle,Sheffield United,D Coote,H,2,0,0,1,2019_20
2020-06-21,Aston Villa,Chelsea,P Tierney,A,2,1,0,0,2019_20
2020-06-21,Everton,Liverpool,M Dean,D,2,2,0,0,2019_20
2020-06-22,Man City,Burnley,A Marriner,H,1,1,0,0,2019_20
2020-06-23,Leicester,Brighton,L Mason,D,2,2,0,0,2019_20
2020-06-23,Tottenham,West Ham,C Pawson,H,2,2,0,0,2019_20
2020-06-24,Man United,Sheffield United,A Taylor,H,1,0,0,0,2019_20
2020-06-24,Newcastle,Aston Villa,C Kavanagh,D,2,2,0,0,2019_20
2020-06-24,Norwich,Everton,A Madley,A,0,1,0,0,2019_20
2020-06-24,Wolves,Bournemouth,M Oliver,H,3,3,0,0,2019_20
2020-06-24,Liverpool,Crystal Palace,M Atkinson,H,0,0,0,0,2019_20
2020-06-25,Burnley,Watford,M Dean,H,1,0,0,0,2019_20
2020-06-25,Southampton,Arsenal,G Scott,A,0,2,1,0,2019_20
2020-06-25,Chelsea,Man City,S Attwell,H,1,1,0,1,2019_20
2020-06-27,Aston Villa,Wolves,C Pawson,A,1,1,0,0,2019_20
2020-06-28,Watford,Southampton,M Oliver,A,3,0,0,0,2019_20
2020-06-29,Crystal Palace,Burnley,S Hooper,A,1,1,0,0,2019_20
2020-06-30,Brighton,Man United,A Marriner,A,0,1,0,0,2019_20
2020-07-01,Arsenal,Norwich,P Bankes,H,1,4,0,0,2019_20
2020-07-01,Bournemouth,Newcastle,K Friend,A,2,0,0,0,2019_20
2020-07-01,Everton,Leicester,D Coote,H,1,1,0,0,2019_20
2020-07-01,West Ham,Chelsea,M Atkinson,H,2,1,0,0,2019_20
2020-07-02,Sheffield United,Tottenham,C Kavanagh,H,2,0,0,0,2019_20
2020-07-02,Man City,Liverpool,A Taylor,H,2,2,0,0,2019_20
2020-07-04,Norwich,Brighton,S Attwell,A,2,2,0,0,2019_20
2020-07-04,Leicester,Crystal Palace,J Moss,H,2,1,0,0,2019_20
2020-07-04,Man United,Bournemouth,M Dean,H,0,1,0,0,2019_20
2020-07-04,Wolves,Arsenal,M Oliver,A,2,4,0,0,2019_20
2020-07-04,Chelsea,Watford,K Friend,H,0,2,0,0,2019_20
2020-07-05,Burnley,Sheffield United,P Bankes,D,0,0,0,0,2019_20
2020-07-05,Newcastle,West Ham,C Pawson,D,0,0,0,0,2019_20
2020-07-05,Liverpool,Aston Villa,P Tierney,H,1,1,0,0,2019_20
2020-07-05,Southampton,Man City,A Marriner,H,1,2,0,0,2019_20
2020-07-06,Tottenham,Everton,G Scott,H,3,2,0,0,2019_20
2020-07-07,Crystal Palace,Chelsea,D Coote,A,1,0,0,0,2019_20
2020-07-07,Watford,Norwich,A Taylor,H,2,4,0,0,2019_20
2020-07-07,Arsenal,Leicester,C Kavanagh,D,1,0,1,0,2019_20
2020-07-08,Man City,Newcastle,A Madley,H,0,0,0,0,2019_20
2020-07-08,Sheffield United,Wolves,M Atkinson,H,2,0,0,0,2019_20
2020-07-08,West Ham,Burnley,M Oliver,A,1,1,0,0,2019_20
2020-07-08,Brighton,Liverpool,C Pawson,A,1,4,0,0,2019_20
2020-07-09,Bournemouth,Tottenham,P Tierney,D,3,2,0,0,2019_20
2020-07-09,Everton,Southampton,L Mason,D,3,3,0,0,2019_20
2020-07-09,Aston Villa,Man United,J Moss,A,2,3,0,0,2019_20
2020-07-11,Norwich,West Ham,K Friend,A,1,0,0,0,2019_20
2020-07-11,Watford,Newcastle,C Pawson,H,1,4,0,0,2019_20
2020-07-11,Liverpool,Burnley,D Coote,D,1,2,0,0,2019_20
2020-07-11,Sheffield United,Chelsea,A Marriner,H,1,0,0,0,2019_20
2020-07-11,Brighton,Man City,G Scott,A,1,0,0,0,2019_20
2020-07-12,Wolves,Everton,A Taylor,H,0,2,0,0,2019_20
2020-07-12,Aston Villa,Crystal Palace,M Atkinson,H,2,4,0,1,2019_20
2020-07-12,Tottenham,Arsenal,M Oliver,H,5,3,0,0,2019_20
2020-07-12,Bournemouth,Leicester,S Attwell,H,2,1,0,1,2019_20
2020-07-13,Man United,Southampton,C Kavanagh,D,1,3,0,0,2019_20
2020-07-14,Chelsea,Norwich,J Moss,H,2,2,0,0,2019_20
2020-07-15,Burnley,Wolves,M Dean,D,0,0,0,0,2019_20
2020-07-15,Man City,Bournemouth,L Mason,H,1,1,0,0,2019_20
2020-07-15,Newcastle,Tottenham,D Coote,A,2,3,0,0,2019_20
2020-07-15,Arsenal,Liverpool,P Tierney,H,3,1,0,0,2019_20
2020-07-16,Everton,Aston Villa,A Taylor,D,2,1,0,0,2019_20
2020-07-16,Leicester,Sheffield United,M Oliver,H,1,2,0,0,2019_20
2020-07-16,Crystal Palace,Man United,G Scott,A,1,2,0,0,2019_20
2020-07-16,Southampton,Brighton,A Marriner,D,1,0,0,0,2019_20
2020-07-17,West Ham,Watford,M Atkinson,H,0,2,0,0,2019_20
2020-07-18,Norwich,Burnley,K Friend,A,0,0,2,0,2019_20
2020-07-19,Bournemouth,Southampton,C Pawson,A,2,2,0,0,2019_20
2020-07-19,Tottenham,Leicester,A Taylor,H,2,1,0,0,2019_20
2020-07-20,Brighton,Newcastle,S Hooper,D,4,2,0,0,2019_20
2020-07-20,Sheffield United,Everton,S Attwell,A,1,3,0,0,2019_20
2020-07-20,Wolves,Crystal Palace,P Bankes,H,2,1,0,0,2019_20
2020-07-21,Watford,Man City,M Oliver,A,2,0,0,0,2019_20
2020-07-21,Aston Villa,Arsenal,C Kavanagh,H,2,4,0,0,2019_20
2020-07-22,Man United,West Ham,P Tierney,D,3,1,0,0,2019_20
2020-07-22,Liverpool,Chelsea,A Marriner,H,1,0,0,0,2019_20
2020-07-26,Arsenal,Watford,M Dean,H,3,3,0,0,2019_20
2020-07-26,Burnley,Brighton,J Moss,A,3,0,0,0,2019_20
2020-07-26,Chelsea,Wolves,S Attwell,H,2,3,0,0,2019_20
2020-07-26,Crystal Palace,Tottenham,A Marriner,D,3,2,0,0,2019_20
2020-07-26,Everton,Bournemouth,C Kavanagh,A,1,0,0,0,2019_20
2020-07-26,Leicester,Man United,M Atkinson,A,1,4,1,0,2019_20
2020-07-26,Man City,Norwich,C Pawson,H,1,1,0,0,2019_20
2020-07-26,Newcastle,Liverpool,A Taylor,A,1,0,0,0,2019_20
2020-07-26,Southampton,Sheffield United,P Bankes,H,0,1,0,0,2019_20
2020-07-26,West Ham,Aston Villa,M Oliver,D,2,1,0,0,2019_20
2020-09-12,Fulham,Arsenal,C Kavanagh,A,2,2,0,0,2020_21
2020-09-12,Crystal Palace,Southampton,J Moss,H,2,1,0,0,2020_21
2020-09-12,Liverpool,Leeds,M Oliver,H,1,0,0,0,2020_21
2020-09-12,West Ham,Newcastle,S Attwell,A,2,2,0,0,2020_21
2020-09-13,West Brom,Leicester,A Taylor,A,1,1,0,0,2020_21
2020-09-13,Tottenham,Everton,M Atkinson,A,1,0,0,0,2020_21
2020-09-14,Brighton,Chelsea,C Pawson,A,1,0,0,0,2020_21
2020-09-14,Sheffield United,Wolves,M Dean,A,2,1,0,0,2020_21
2020-09-19,Everton,West Brom,M Dean,H,1,0,0,1,2020_21
2020-09-19,Leeds,Fulham,A Taylor,H,1,2,0,0,2020_21
2020-09-19,Man United,Crystal Palace,M Atkinson,A,2,1,0,0,2020_21
2020-09-19,Arsenal,West Ham,M Oliver,H,0,1,0,0,2020_21
2020-09-20,Southampton,Tottenham,D Coote,A,4,3,0,0,2020_21
2020-09-20,Newcastle,Brighton,K Friend,A,3,0,0,1,2020_21
2020-09-20,Chelsea,Liverpool,P Tierney,A,0,0,1,0,2020_21
2020-09-20,Leicester,Burnley,L Mason,H,1,2,0,0,2020_21
2020-09-21,Aston Villa,Sheffield United,G Scott,H,3,1,0,1,2020_21
2020-09-21,Wolves,Man City,A Marriner,A,0,3,0,0,2020_21
2020-09-26,Brighton,Man United,C Kavanagh,A,4,2,0,0,2020_21
2020-09-26,Crystal Palace,Everton,K Friend,A,3,1,0,0,2020_21
2020-09-26,West Brom,Chelsea,J Moss,D,1,3,0,0,2020_21
2020-09-26,Burnley,Southampton,A Marriner,A,1,0,0,0,2020_21
2020-09-27,Sheffield United,Leeds,P Tierney,A,2,1,0,0,2020_21
2020-09-27,Tottenham,Newcastle,P Bankes,D,1,4,0,0,2020_21
2020-09-27,Man City,Leicester,M Oliver,A,1,3,0,0,2020_21
2020-09-27,West Ham,Wolves,M Atkinson,H,0,1,0,0,2020_21
2020-09-28,Fulham,Aston Villa,S Attwell,A,6,3,0,0,2020_21
2020-09-28,Liverpool,Arsenal,C Pawson,H,2,2,0,0,2020_21
2020-10-03,Chelsea,Crystal Palace,M Oliver,H,2,0,0,0,2020_21
2020-10-03,Everton,Brighton,S Hooper,H,0,1,0,0,2020_21
2020-10-03,Leeds,Man City,M Dean,D,2,1,0,0,2020_21
2020-10-03,Newcastle,Burnley,D Coote,H,2,3,0,0,2020_21
2020-10-04,Leicester,West Ham,A Madley,A,2,2,0,0,2020_21
2020-10-04,Southampton,West Brom,C Kavanagh,H,2,1,0,0,2020_21
2020-10-04,Arsenal,Sheffield United,L Mason,H,0,1,0,0,2020_21
2020-10-04,Wolves,Fulham,D England,H,1,1,0,0,2020_21
2020-10-04,Man United,Tottenham,A Taylor,A,2,1,1,0,2020_21
2020-10-04,Aston Villa,Liverpool,M Atkinson,H,2,1,0,0,2020_21
2020-10-17,Everton,Liverpool,M Oliver,D,3,2,1,0,2020_21
2020-10-17,Chelsea,Southampton,P Bankes,D,1,1,0,0,2020_21
2020-10-17,Man City,Arsenal,C Kavanagh,H,4,1,0,0,2020_21
2020-10-17,Newcastle,Man United,C Pawson,A,1,1,0,0,2020_21
2020-10-18,Sheffield United,Fulham,A Marriner,D,0,2,0,0,2020_21
2020-10-18,Crystal Palace,Brighton,S Attwell,D,3,2,0,1,2020_21
2020-10-18,Tottenham,West Ham,P Tierney,D,0,5,0,0,2020_21
2020-10-18,Leicester,Aston Villa,J Moss,A,4,3,0,0,2020_21
2020-10-19,West Brom,Burnley,A Taylor,D,2,2,0,0,2020_21
2020-10-19,Leeds,Wolves,D Coote,A,2,1,0,0,2020_21
2020-10-23,Aston Villa,Leeds,P Tierney,A,2,2,0,0,2020_21
2020-10-24,West Ham,Man City,A Taylor,D,2,0,0,0,2020_21
2020-10-24,Fulham,Crystal Palace,G Scott,A,0,1,1,0,2020_21
2020-10-24,Man United,Chelsea,M Atkinson,D,3,1,0,0,2020_21
2020-10-24,Liverpool,Sheffield United,M Dean,H,0,3,0,0,2020_21
2020-10-25,Southampton,Everton,K Friend,H,1,2,0,1,2020_21
2020-10-25,Wolves,Newcastle,L Mason,D,0,1,0,0,2020_21
2020-10-25,Arsenal,Leicester,C Pawson,A,3,5,0,0,2020_21
2020-10-26,Brighton,West Brom,J Moss,D,2,0,0,0,2020_21
2020-10-26,Burnley,Tottenham,M Oliver,A,2,0,0,0,2020_21
2020-10-30,Wolves,Crystal Palace,M Atkinson,H,0,2,0,1,2020_21
2020-10-31,Sheffield United,Man City,M Oliver,A,0,0,0,0,2020_21
2020-10-31,Burnley,Chelsea,D Coote,A,1,0,0,0,2020_21
2020-10-31,Liverpool,West Ham,K Friend,H,0,1,0,0,2020_21
2020-11-01,Aston Villa,Southampton,D England,A,1,2,0,0,2020_21
2020-11-01,Newcastle,Everton,S Attwell,H,2,4,0,0,2020_21
2020-11-01,Man United,Arsenal,M Dean,A,3,3,0,0,2020_21
2020-11-01,Tottenham,Brighton,G Scott,H,2,1,0,0,2020_21
2020-11-02,Fulham,West Brom,S Hooper,H,3,2,0,0,2020_21
2020-11-02,Leeds,Leicester,A Marriner,A,1,1,0,0,2020_21
2020-11-06,Brighton,Burnley,M Dean,D,1,0,0,0,2020_21
2020-11-06,Southampton,Newcastle,P Bankes,H,1,2,0,0,2020_21
2020-11-07,Everton,Man United,P Tierney,A,4,2,0,0,2020_21
2020-11-07,Crystal Palace,Leeds,C Kavanagh,H,0,2,0,0,2020_21
2020-11-07,Chelsea,Sheffield United,J Moss,H,0,2,0,0,2020_21
2020-11-07,West Ham,Fulham,R Jones,H,2,2,0,0,2020_21
2020-11-08,West Brom,Tottenham,A Madley,A,1,0,0,0,2020_21
2020-11-08,Leicester,Wolves,A Taylor,H,2,3,0,0,2020_21
2020-11-08,Man City,Liverpool,C Pawson,D,3,1,0,0,2020_21
2020-11-08,Arsenal,Aston Villa,M Atkinson,A,0,0,0,0,2020_21
2020-11-21,Newcastle,Chelsea,C Pawson,A,2,0,0,0,2020_21
2020-11-21,Aston Villa,Brighton,M Oliver,A,2,1,0,1,2020_21
2020-11-21,Tottenham,Man City,M Dean,H,2,2,0,0,2020_21
2020-11-21,Man United,West Brom,D Coote,H,1,1,0,0,2020_21
2020-11-22,Fulham,Everton,A Madley,A,2,0,0,0,2020_21
2020-11-22,Sheffield United,West Ham,M Atkinson,A,0,0,0,0,2020_21
2020-11-22,Leeds,Arsenal,A Taylor,D,3,0,0,1,2020_21
2020-11-22,Liverpool,Leicester,C Kavanagh,H,0,2,0,0,2020_21
2020-11-23,Burnley,Crystal Palace,K Friend,H,2,0,0,0,2020_21
2020-11-23,Wolves,Southampton,A Marriner,D,2,0,0,0,2020_21
2020-11-27,Crystal Palace,Newcastle,G Scott,A,2,2,0,0,2020_21
2020-11-28,Brighton,Liverpool,S Attwell,D,2,1,0,0,2020_21
2020-11-28,Man City,Burnley,L Mason,H,0,0,0,0,2020_21
2020-11-28,Everton,Leeds,C Kavanagh,A,1,2,0,0,2020_21
2020-11-28,West Brom,Sheffield United,M Dean,H,2,3,0,0,2020_21
2020-11-29,Southampton,Man United,J Moss,A,1,0,0,0,2020_21
2020-11-29,Chelsea,Tottenham,P Tierney,D,4,2,0,0,2020_21
2020-11-29,Arsenal,Wolves,M Oliver,A,3,4,0,0,2020_21
2020-11-30,Leicester,Fulham,S Hooper,A,0,2,0,0,2020_21
2020-11-30,West Ham,Aston Villa,P Bankes,H,1,1,0,0,2020_21
2020-12-05,Burnley,Everton,A Taylor,D,0,0,0,0,2020_21
2020-12-05,Man City,Fulham,J Moss,H,0,0,0,0,2020_21
2020-12-05,West Ham,Man United,A Marriner,A,0,0,0,0,2020_21
2020-12-05,Chelsea,Leeds,K Friend,H,0,2,0,0,2020_21
2020-12-06,West Brom,Crystal Palace,P Tierney,A,2,2,1,0,2020_21
2020-12-06,Sheffield United,Leicester,S Attwell,A,1,3,0,0,2020_21
2020-12-06,Tottenham,Arsenal,M Atkinson,H,1,2,0,0,2020_21
2020-12-06,Liverpool,Wolves,C Pawson,H,1,1,0,0,2020_21
2020-12-07,Brighton,Southampton,D Coote,A,3,3,0,0,2020_21
2020-12-11,Leeds,West Ham,M Oliver,A,1,2,0,0,2020_21
2020-12-12,Wolves,Aston Villa,M Dean,A,2,5,0,0,2020_21
2020-12-12,Newcastle,West Brom,D England,H,2,3,0,0,2020_21
2020-12-12,Man United,Man City,C Kavanagh,D,1,1,0,0,2020_21
2020-12-12,Everton,Chelsea,J Moss,H,2,3,0,0,2020_21
2020-12-13,Southampton,Sheffield United,A Madley,H,0,1,0,0,2020_21
2020-12-13,Crystal Palace,Tottenham,K Friend,D,1,1,0,0,2020_21
2020-12-13,Fulham,Liverpool,A Marriner,D,3,1,0,0,2020_21
2020-12-13,Arsenal,Burnley,G Scott,A,2,1,1,0,2020_21
2020-12-13,Leicester,Brighton,M Atkinson,H,2,1,0,0,2020_21
2020-12-15,Wolves,Chelsea,S Attwell,H,2,2,0,0,2020_21
2020-12-15,Man City,West Brom,P Bankes,D,2,3,0,0,2020_21
2020-12-16,Arsenal,Southampton,P Tierney,D,1,3,1,0,2020_21
2020-12-16,Leeds,Newcastle,S Hooper,H,3,1,0,0,2020_21
2020-12-16,Leicester,Everton,L Mason,A,2,3,0,0,2020_21
2020-12-16,Fulham,Brighton,R Jones,D,1,0,0,0,2020_21
2020-12-16,Liverpool,Tottenham,A Taylor,H,0,2,0,0,2020_21
2020-12-16,West Ham,Crystal Palace,D Coote,D,0,1,0,1,2020_21
2020-12-17,Aston Villa,Burnley,C Pawson,D,1,1,0,0,2020_21
2020-12-17,Sheffield United,Man United,M Oliver,A,3,2,0,0,2020_21
2020-12-19,Crystal Palace,Liverpool,J Moss,A,1,0,0,0,2020_21
2020-12-19,Southampton,Man City,M Dean,A,2,2,0,0,2020_21
2020-12-19,Everton,Arsenal,A Marriner,H,1,3,0,0,2020_21
2020-12-19,Newcastle,Fulham,G Scott,D,1,2,0,1,2020_21
2020-12-20,Brighton,Sheffield United,P Bankes,D,1,5,0,1,2020_21
2020-12-20,Tottenham,Leicester,C Pawson,A,2,2,0,0,2020_21
2020-12-20,Man United,Leeds,A Taylor,H,1,0,0,0,2020_21
2020-12-20,West Brom,Aston Villa,M Atkinson,A,1,2,1,0,2020_21
2020-12-21,Burnley,Wolves,L Mason,H,2,1,0,0,2020_21
2020-12-21,Chelsea,West Ham,C Kavanagh,H,0,0,0,0,2020_21
2020-12-26,Leicester,Man United,M Dean,D,2,1,0,0,2020_21
2020-12-26,Aston Villa,Crystal Palace,A Taylor,H,1,4,1,0,2020_21
2020-12-26,Fulham,Southampton,D England,D,2,0,0,0,2020_21
2020-12-26,Arsenal,Chelsea,M Oliver,H,2,1,0,0,2020_21
2020-12-26,Man City,Newcastle,A Marriner,H,2,2,0,0,2020_21
2020-12-26,Sheffield United,Everton,D Coote,A,2,4,0,0,2020_21
2020-12-27,Leeds,Burnley,R Jones,H,0,3,0,0,2020_21
2020-12-27,West Ham,Brighton,S Hooper,D,0,0,0,0,2020_21
2020-12-27,Liverpool,West Brom,K Friend,D,0,1,0,0,2020_21
2020-12-27,Wolves,Tottenham,P Tierney,D,4,1,0,0,2020_21
2020-12-28,Crystal Palace,Leicester,G Scott,D,0,1,0,0,2020_21
2020-12-28,Chelsea,Aston Villa,S Attwell,D,3,1,0,0,2020_21
2020-12-29,Brighton,Arsenal,M Atkinson,A,2,0,0,0,2020_21
2020-12-29,Burnley,Sheffield United,C Kavanagh,H,1,2,0,0,2020_21
2020-12-29,Southampton,West Ham,A Madley,D,3,1,0,0,2020_21
2020-12-29,West Brom,Leeds,L Mason,A,0,1,0,0,2020_21
2020-12-29,Man United,Wolves,J Moss,H,1,1,0,0,2020_21
2020-12-30,Newcastle,Liverpool,P Tierney,D,2,3,0,0,2020_21
2021-01-01,Everton,West Ham,K Friend,A,2,0,0,0,2020_21
2021-01-01,Man United,Aston Villa,M Oliver,H,4,0,0,0,2020_21
2021-01-02,Tottenham,Leeds,D Coote,H,2,1,1,0,2020_21
2021-01-02,Crystal Palace,Sheffield United,S Attwell,H,1,3,0,0,2020_21
2021-01-02,Brighton,Wolves,A Madley,D,2,1,0,0,2020_21
2021-01-02,West Brom,Arsenal,M Atkinson,A,1,2,0,0,2020_21
2021-01-03,Newcastle,Leicester,R Jones,A,0,2,0,0,2020_21
2021-01-03,Chelsea,Man City,A Taylor,A,3,1,0,0,2020_21
2021-01-04,Southampton,Liverpool,A Marriner,H,1,3,0,0,2020_21
2021-01-12,Sheffield United,Newcastle,A Madley,H,2,3,0,1,2020_21
2021-01-12,Burnley,Man United,K Friend,A,1,2,0,0,2020_21
2021-01-12,Wolves,Everton,M Atkinson,A,2,2,0,0,2020_21
2021-01-13,Man City,Brighton,D England,H,0,2,0,0,2020_21
2021-01-13,Tottenham,Fulham,P Tierney,D,1,2,0,0,2020_21
2021-01-14,Arsenal,Crystal Palace,A Marriner,D,1,1,0,0,2020_21
2021-01-16,Wolves,West Brom,M Oliver,A,2,1,0,0,2020_21
2021-01-16,Leeds,Brighton,K Friend,A,1,1,0,0,2020_21
2021-01-16,West Ham,Burnley,C Kavanagh,H,2,1,0,0,2020_21
2021-01-16,Fulham,Chelsea,P Bankes,A,2,3,1,0,2020_21
2021-01-16,Leicester,Southampton,S Attwell,H,2,2,0,0,2020_21
2021-01-17,Sheffield United,Tottenham,A Marriner,A,4,0,0,0,2020_21
2021-01-17,Liverpool,Man United,P Tierney,D,2,1,0,0,2020_21
2021-01-17,Man City,Crystal Palace,L Mason,H,0,0,0,0,2020_21
2021-01-18,Arsenal,Newcastle,D Coote,H,0,0,0,0,2020_21
2021-01-19,West Ham,West Brom,G Scott,H,0,1,0,0,2020_21
2021-01-19,Leicester,Chelsea,C Pawson,H,1,3,0,0,2020_21
2021-01-20,Man City,Aston Villa,J Moss,H,0,2,0,0,2020_21
2021-01-20,Fulham,Man United,M Atkinson,A,3,1,0,0,2020_21
2021-01-21,Liverpool,Burnley,M Dean,A,2,1,0,0,2020_21
2021-01-23,Aston Villa,Newcastle,S Hooper,H,0,3,0,0,2020_21
2021-01-26,Crystal Palace,West Ham,S Attwell,A,0,0,0,0,2020_21
2021-01-26,Newcastle,Leeds,A Taylor,A,1,3,0,0,2020_21
2021-01-26,Southampton,Arsenal,K Friend,A,1,2,0,0,2020_21
2021-01-26,West Brom,Man City,C Kavanagh,A,2,0,0,0,2020_21
2021-01-27,Burnley,Aston Villa,P Tierney,H,1,0,0,0,2020_21
2021-01-27,Chelsea,Wolves,A Madley,D,1,1,0,0,2020_21
2021-01-27,Brighton,Fulham,C Pawson,D,2,1,0,0,2020_21
2021-01-27,Everton,Leicester,M Dean,D,1,1,0,0,2020_21
2021-01-27,Man United,Sheffield United,P Bankes,A,1,1,0,0,2020_21
2021-01-28,Tottenham,Liverpool,M Atkinson,A,1,2,0,0,2020_21
2021-01-30,Everton,Newcastle,S Attwell,A,3,4,0,0,2020_21
2021-01-30,Crystal Palace,Wolves,S Hooper,H,1,2,0,0,2020_21
2021-01-30,Man City,Sheffield United,D Coote,H,0,3,0,0,2020_21
2021-01-30,West Brom,Fulham,A Taylor,D,1,0,0,0,2020_21
2021-01-30,Arsenal,Man United,M Oliver,D,1,3,0,0,2020_21
2021-01-30,Southampton,Aston Villa,L Mason,A,1,0,0,0,2020_21
2021-01-31,Chelsea,Burnley,G Scott,H,0,1,0,0,2020_21
2021-01-31,Leicester,Leeds,C Kavanagh,A,0,3,0,0,2020_21
2021-01-31,West Ham,Liverpool,J Moss,A,2,0,0,0,2020_21
2021-01-31,Brighton,Tottenham,P Bankes,H,2,1,0,0,2020_21
2021-02-02,Sheffield United,West Brom,P Tierney,H,2,1,0,0,2020_21
2021-02-02,Wolves,Arsenal,C Pawson,H,3,2,0,2,2020_21
2021-02-02,Man United,Southampton,M Dean,H,2,3,0,2,2020_21
2021-02-02,Newcastle,Crystal Palace,D England,A,1,3,0,0,2020_21
2021-02-03,Burnley,Man City,M Atkinson,A,2,1,0,0,2020_21
2021-02-03,Fulham,Leicester,R Jones,A,3,1,0,0,2020_21
2021-02-03,Leeds,Everton,M Oliver,A,2,3,0,0,2020_21
2021-02-03,Aston Villa,West Ham,A Madley,A,1,1,0,0,2020_21
2021-02-03,Liverpool,Brighton,K Friend,A,1,0,0,0,2020_21
2021-02-04,Tottenham,Chelsea,A Marriner,A,2,3,0,0,2020_21
2021-02-06,Aston Villa,Arsenal,C Kavanagh,H,3,2,0,0,2020_21
2021-02-06,Burnley,Brighton,A Taylor,D,2,0,0,0,2020_21
2021-02-06,Newcastle,Southampton,C Pawson,H,2,1,1,0,2020_21
2021-02-06,Fulham,West Ham,M Dean,D,1,2,0,1,2020_21
2021-02-06,Man United,Everton,J Moss,D,2,1,0,0,2020_21
2021-02-07,Tottenham,West Brom,S Attwell,H,1,2,0,0,2020_21
2021-02-07,Wolves,Leicester,M Atkinson,D,1,3,0,0,2020_21
2021-02-07,Liverpool,Man City,M Oliver,A,2,1,0,0,2020_21
2021-02-07,Sheffield United,Chelsea,K Friend,A,1,0,0,0,2020_21
2021-02-08,Leeds,Crystal Palace,A Marriner,H,0,2,0,0,2020_21
2021-02-13,Leicester,Liverpool,A Taylor,H,1,2,0,0,2020_21
2021-02-13,Crystal Palace,Burnley,M Oliver,A,0,0,0,0,2020_21
2021-02-13,Man City,Tottenham,P Tierney,H,1,3,0,0,2020_21
2021-02-13,Brighton,Aston Villa,D England,D,2,3,0,0,2020_21
2021-02-14,Southampton,Wolves,G Scott,A,2,2,0,0,2020_21
2021-02-14,West Brom,Man United,C Pawson,D,5,0,0,0,2020_21
2021-02-14,Arsenal,Leeds,S Attwell,H,0,2,0,0,2020_21
2021-02-14,Everton,Fulham,A Madley,A,1,1,0,0,2020_21
2021-02-15,West Ham,Sheffield United,S Hooper,H,0,2,0,0,2020_21
2021-02-15,Chelsea,Newcastle,P Bankes,H,0,0,0,0,2020_21
2021-02-17,Burnley,Fulham,J Moss,D,1,1,0,0,2020_21
2021-02-17,Everton,Man City,A Marriner,A,2,1,0,0,2020_21
2021-02-19,Wolves,Leeds,D Coote,H,1,0,0,0,2020_21
2021-02-20,Southampton,Chelsea,A Taylor,D,1,1,0,0,2020_21
2021-02-20,Burnley,West Brom,M Dean,D,3,0,0,1,2020_21
2021-02-20,Liverpool,Everton,C Kavanagh,A,2,1,0,0,2020_21
2021-02-20,Fulham,Sheffield United,M Atkinson,H,1,2,0,0,2020_21
2021-02-21,West Ham,Tottenham,C Pawson,H,4,3,0,0,2020_21
2021-02-21,Aston Villa,Leicester,M Oliver,A,2,1,0,0,2020_21
2021-02-21,Arsenal,Man City,J Moss,A,2,2,0,0,2020_21
2021-02-21,Man United,Newcastle,P Tierney,H,1,2,0,0,2020_21
2021-02-22,Brighton,Crystal Palace,K Friend,A,2,0,0,0,2020_21
2021-02-23,Leeds,Southampton,A Marriner,H,1,2,0,0,2020_21
2021-02-27,Man City,West Ham,M Oliver,H,1,1,0,0,2020_21
2021-02-27,West Brom,Brighton,L Mason,H,0,0,0,0,2020_21
2021-02-27,Leeds,Aston Villa,P Bankes,A,3,2,0,0,2020_21
2021-02-27,Newcastle,Wolves,M Dean,D,2,0,0,0,2020_21
2021-02-28,Crystal Palace,Fulham,A Taylor,D,1,1,0,0,2020_21
2021-02-28,Leicester,Arsenal,P Tierney,A,2,1,0,0,2020_21
2021-02-28,Tottenham,Burnley,K Friend,H,0,0,0,0,2020_21
2021-02-28,Chelsea,Man United,S Attwell,D,1,2,0,0,2020_21
2021-02-28,Sheffield United,Liverpool,J Moss,A,0,0,0,0,2020_21
2021-03-01,Everton,Southampton,M Atkinson,H,0,2,0,0,2020_21
2021-03-02,Man City,Wolves,C Kavanagh,H,0,1,0,0,2020_21
2021-03-03,Burnley,Leicester,A Madley,D,0,2,0,0,2020_21
2021-03-03,Sheffield United,Aston Villa,R Jones,H,1,0,1,0,2020_21
2021-03-03,Crystal Palace,Man United,A Marriner,D,1,0,0,0,2020_21
2021-03-04,Fulham,Tottenham,D Coote,A,2,1,0,0,2020_21
2021-03-04,West Brom,Everton,D England,A,3,1,0,0,2020_21
2021-03-04,Liverpool,Chelsea,M Atkinson,A,0,0,0,0,2020_21
2021-03-06,Burnley,Arsenal,A Marriner,D,1,1,0,0,2020_21
2021-03-06,Sheffield United,Southampton,P Tierney,A,4,3,0,0,2020_21
2021-03-06,Aston Villa,Wolves,A Madley,D,1,0,0,0,2020_21
2021-03-06,Brighton,Leicester,M Oliver,A,0,1,0,0,2020_21
2021-03-07,West Brom,Newcastle,M Atkinson,D,0,0,0,0,2020_21
2021-03-07,Liverpool,Fulham,K Friend,A,2,3,0,0,2020_21
2021-03-07,Man City,Man United,A Taylor,A,0,3,0,0,2020_21
2021-03-07,Tottenham,Crystal Palace,S Attwell,H,2,3,0,0,2020_21
2021-03-08,Chelsea,Everton,D Coote,H,0,3,0,0,2020_21
2021-03-08,West Ham,Leeds,M Dean,H,1,1,0,0,2020_21
2021-03-10,Man City,Southampton,J Moss,H,1,0,0,0,2020_21
2021-03-12,Newcastle,Aston Villa,P Tierney,D,2,3,0,0,2020_21
2021-03-13,Leeds,Chelsea,K Friend,D,3,0,0,0,2020_21
2021-03-13,Crystal Palace,West Brom,S Hooper,H,3,1,0,0,2020_21
2021-03-13,Everton,Burnley,J Moss,A,0,4,0,0,2020_21
2021-03-13,Fulham,Man City,A Marriner,A,0,0,0,0,2020_21
2021-03-14,Southampton,Brighton,S Attwell,A,0,0,0,0,2020_21
2021-03-14,Leicester,Sheffield United,P Bankes,H,0,2,0,0,2020_21
2021-03-14,Arsenal,Tottenham,M Oliver,H,1,2,0,1,2020_21
2021-03-14,Man United,West Ham,M Atkinson,H,4,0,0,0,2020_21
2021-03-15,Wolves,Liverpool,C Pawson,A,2,1,0,0,2020_21
2021-03-19,Fulham,Leeds,D Coote,A,2,2,0,0,2020_21
2021-03-20,Brighton,Newcastle,A Taylor,H,0,1,0,0,2020_21
2021-03-21,West Ham,Arsenal,J Moss,D,3,1,0,0,2020_21
2021-03-21,Aston Villa,Tottenham,M Dean,A,3,2,0,0,2020_21
2021-04-03,Chelsea,West Brom,D Coote,A,1,1,1,0,2020_21
2021-04-03,Leeds,Sheffield United,G Scott,H,1,2,0,0,2020_21
2021-04-03,Leicester,Man City,A Taylor,A,2,3,0,0,2020_21
2021-04-03,Arsenal,Liverpool,S Attwell,A,1,1,0,0,2020_21
2021-04-04,Southampton,Burnley,A Marriner,H,0,0,0,0,2020_21
2021-04-04,Newcastle,Tottenham,C Pawson,D,3,2,0,0,2020_21
2021-04-04,Aston Villa,Fulham,A Madley,H,1,2,0,0,2020_21
2021-04-04,Man United,Brighton,M Dean,H,2,2,0,0,2020_21
2021-04-05,Everton,Crystal Palace,K Friend,D,2,0,0,0,2020_21
2021-04-05,Wolves,West Ham,M Oliver,A,1,4,0,0,2020_21
2021-04-09,Fulham,Wolves,J Moss,A,0,0,0,0,2020_21
2021-04-10,Man City,Leeds,A Marriner,A,3,1,0,1,2020_21
2021-04-10,Liverpool,Aston Villa,P Tierney,H,2,4,0,0,2020_21
2021-04-10,Crystal Palace,Chelsea,M Oliver,A,1,0,0,0,2020_21
2021-04-11,Burnley,Newcastle,A Taylor,A,1,0,0,0,2020_21
2021-04-11,West Ham,Leicester,M Dean,H,3,3,0,0,2020_21
2021-04-11,Tottenham,Man United,C Kavanagh,A,1,5,0,0,2020_21
2021-04-11,Sheffield United,Arsenal,P Bankes,A,1,1,0,0,2020_21
2021-04-12,West Brom,Southampton,S Hooper,H,0,1,0,0,2020_21
2021-04-12,Brighton,Everton,D England,D,1,2,0,0,2020_21
2021-04-16,Everton,Tottenham,M Oliver,D,1,1,0,0,2020_21
2021-04-17,Newcastle,West Ham,K Friend,H,2,0,0,1,2020_21
2021-04-17,Wolves,Sheffield United,R Jones,H,1,2,0,0,2020_21
2021-04-18,Arsenal,Fulham,C Pawson,D,0,3,0,0,2020_21
2021-04-18,Man United,Burnley,J Moss,H,1,2,0,0,2020_21
2021-04-19,Leeds,Liverpool,A Taylor,D,2,1,0,0,2020_21
2021-04-20,Chelsea,Brighton,S Attwell,D,2,0,0,1,2020_21
2021-04-21,Tottenham,Southampton,D Coote,H,2,1,0,0,2020_21
2021-04-21,Aston Villa,Man City,P Bankes,A,0,1,1,1,2020_21
2021-04-22,Leicester,West Brom,A Madley,H,0,2,0,0,2020_21
2021-04-23,Arsenal,Everton,J Moss,A,1,3,0,0,2020_21
2021-04-24,Liverpool,Newcastle,A Marriner,D,2,1,0,0,2020_21
2021-04-24,West Ham,Chelsea,C Kavanagh,A,0,4,1,0,2020_21
2021-04-24,Sheffield United,Brighton,K Friend,H,3,0,0,0,2020_21
2021-04-25,Wolves,Burnley,D England,A,1,2,0,0,2020_21
2021-04-25,Leeds,Man United,C Pawson,D,4,1,0,0,2020_21
2021-04-25,Aston Villa,West Brom,S Attwell,D,0,2,0,0,2020_21
2021-04-26,Leicester,Crystal Palace,G Scott,H,0,1,0,0,2020_21
2021-04-30,Southampton,Leicester,R Jones,D,1,0,1,0,2020_21
2021-05-01,Crystal Palace,Man City,D Coote,A,2,0,0,0,2020_21
2021-05-01,Brighton,Leeds,C Kavanagh,H,1,1,0,0,2020_21
2021-05-01,Chelsea,Fulham,K Friend,H,1,1,0,0,2020_21
2021-05-01,Everton,Aston Villa,S Hooper,A,0,2,0,0,2020_21
2021-05-02,Newcastle,Arsenal,M Dean,A,2,1,1,0,2020_21
2021-05-02,Tottenham,Sheffield United,A Marriner,H,1,1,0,0,2020_21
2021-05-03,West Brom,Wolves,P Tierney,D,2,0,0,0,2020_21
2021-05-03,Burnley,West Ham,A Taylor,A,2,1,0,0,2020_21
2021-05-07,Leicester,Newcastle,D England,A,1,1,0,0,2020_21
2021-05-08,Leeds,Tottenham,M Oliver,H,1,2,0,0,2020_21
2021-05-08,Sheffield United,Crystal Palace,S Hooper,A,1,1,0,0,2020_21
2021-05-08,Man City,Chelsea,A Taylor,A,2,0,0,0,2020_21
2021-05-08,Liverpool,Southampton,K Friend,H,0,1,0,0,2020_21
2021-05-09,Wolves,Brighton,J Moss,H,2,2,0,2,2020_21
2021-05-09,Aston Villa,Man United,C Kavanagh,A,1,1,1,0,2020_21
2021-05-09,West Ham,Everton,S Attwell,A,2,1,0,0,2020_21
2021-05-09,Arsenal,West Brom,P Bankes,H,1,2,0,0,2020_21
2021-05-10,Fulham,Burnley,D Coote,A,2,0,0,0,2020_21
2021-05-11,Man United,Leicester,C Pawson,A,0,0,0,0,2020_21
2021-05-11,Southampton,Crystal Palace,A Madley,H,2,3,0,0,2020_21
2021-05-12,Chelsea,Arsenal,A Marriner,A,0,1,0,0,2020_21
2021-05-13,Aston Villa,Everton,M Atkinson,D,2,0,0,0,2020_21
2021-05-13,Man United,Liverpool,A Taylor,A,3,0,0,0,2020_21
2021-05-14,Newcastle,Man City,K Friend,A,2,2,0,0,2020_21
2021-05-15,Burnley,Leeds,G Scott,A,1,1,0,0,2020_21
2021-05-15,Southampton,Fulham,C Pawson,H,0,1,0,0,2020_21
2021-05-15,Brighton,West Ham,A Marriner,D,1,1,0,0,2020_21
2021-05-16,Crystal Palace,Aston Villa,D Coote,H,3,2,0,0,2020_21
2021-05-16,Tottenham,Wolves,M Atkinson,H,1,0,0,0,2020_21
2021-05-16,West Brom,Liverpool,M Dean,A,0,0,0,0,2020_21
2021-05-16,Everton,Sheffield United,A Moss,A,1,3,0,0,2020_21
2021-05-18,Man United,Fulham,L Mason,D,2,3,0,0,2020_21
2021-05-18,Southampton,Leeds,P Bankes,A,0,3,0,0,2020_21
2021-05-18,Brighton,Man City,S Attwell,H,3,3,0,1,2020_21
2021-05-18,Chelsea,Leicester,M Dean,H,2,4,0,0,2020_21
2021-05-19,Everton,Wolves,A Madley,H,0,2,0,0,2020_21
2021-05-19,Newcastle,Sheffield United,R Jones,H,0,2,0,0,2020_21
2021-05-19,Tottenham,Aston Villa,C Pawson,A,1,1,0,0,2020_21
2021-05-19,Crystal Palace,Arsenal,A Taylor,A,2,1,0,0,2020_21
2021-05-19,Burnley,Liverpool,C Kavanagh,A,0,0,0,0,2020_21
2021-05-19,West Brom,West Ham,M Oliver,A,2,2,0,0,2020_21
2021-05-23,Arsenal,Brighton,J Moss,H,0,0,0,0,2020_21
2021-05-23,Aston Villa,Chelsea,S Attwell,H,3,3,0,1,2020_21
2021-05-23,Fulham,Newcastle,C Kavanagh,A,1,0,0,0,2020_21
2021-05-23,Leeds,West Brom,D Coote,H,2,1,0,0,2020_21
2021-05-23,Leicester,Tottenham,A Taylor,A,0,2,0,0,2020_21
2021-05-23,Liverpool,Crystal Palace,C Pawson,H,2,2,0,0,2020_21
2021-05-23,Man City,Everton,M Oliver,H,2,2,0,0,2020_21
2021-05-23,Sheffield United,Burnley,K Friend,H,3,1,0,0,2020_21
2021-05-23,West Ham,Southampton,M Atkinson,H,0,3,0,0,2020_21
2021-05-23,Wolves,Man United,M Dean,A,4,1,0,0,2020_21
2021-08-13,Brentford,Arsenal,M Oliver,H,0,0,0,0,2021_22
2021-08-14,Man United,Leeds,P Tierney,H,1,2,0,0,2021_22
2021-08-14,Burnley,Brighton,D Coote,A,2,1,0,0,2021_22
2021-08-14,Chelsea,Crystal Palace,J Moss,H,0,0,0,0,2021_22
2021-08-14,Everton,Southampton,A Madley,H,2,0,0,0,2021_22
2021-08-14,Leicester,Wolves,C Pawson,H,1,2,0,0,2021_22
2021-08-14,Watford,Aston Villa,M Dean,H,3,1,0,0,2021_22
2021-08-14,Norwich,Liverpool,A Marriner,A,1,1,0,0,2021_22
2021-08-15,Newcastle,West Ham,M Atkinson,A,1,0,0,0,2021_22
2021-08-15,Tottenham,Man City,A Taylor,H,2,1,0,0,2021_22
2021-08-21,Liverpool,Burnley,M Dean,H,0,0,0,0,2021_22
2021-08-21,Aston Villa,Newcastle,D Coote,H,3,4,0,0,2021_22
2021-08-21,Crystal Palace,Brentford,M Atkinson,D,3,1,0,0,2021_22
2021-08-21,Leeds,Everton,D England,D,2,4,0,0,2021_22
2021-08-21,Man City,Norwich,G Scott,H,1,0,0,0,2021_22
2021-08-21,Brighton,Watford,A Taylor,H,4,0,0,0,2021_22
2021-08-22,Southampton,Man United,C Pawson,D,2,3,0,0,2021_22
2021-08-22,Wolves,Tottenham,S Attwell,A,1,4,0,0,2021_22
2021-08-22,Arsenal,Chelsea,P Tierney,A,3,0,0,0,2021_22
2021-08-23,West Ham,Leicester,M Oliver,H,0,1,0,1,2021_22
2021-08-28,Man City,Arsenal,M Atkinson,H,1,2,0,1,2021_22
2021-08-28,Aston Villa,Brentford,P Bankes,D,3,3,0,0,2021_22
2021-08-28,Brighton,Everton,J Moss,A,1,2,0,0,2021_22
2021-08-28,Newcastle,Southampton,P Tierney,D,3,3,0,0,2021_22
2021-08-28,Norwich,Leicester,R Jones,A,2,1,0,0,2021_22
2021-08-28,West Ham,Crystal Palace,S Attwell,D,1,0,0,0,2021_22
2021-08-28,Liverpool,Chelsea,A Taylor,D,0,2,0,1,2021_22
2021-08-29,Burnley,Leeds,M Oliver,D,4,3,0,0,2021_22
2021-08-29,Tottenham,Watford,A Marriner,H,3,3,0,0,2021_22
2021-08-29,Wolves,Man United,M Dean,A,3,4,0,0,2021_22
2021-09-11,Crystal Palace,Tottenham,J Moss,H,2,1,0,1,2021_22
2021-09-11,Arsenal,Norwich,M Oliver,H,1,2,0,0,2021_22
2021-09-11,Brentford,Brighton,G Scott,A,3,2,0,0,2021_22
2021-09-11,Leicester,Man City,P Tierney,A,1,2,0,0,2021_22
2021-09-11,Man United,Newcastle,A Taylor,H,1,0,0,0,2021_22
2021-09-11,Southampton,West Ham,D Coote,D,3,1,0,1,2021_22
2021-09-11,Watford,Wolves,P Bankes,A,3,3,0,0,2021_22
2021-09-11,Chelsea,Aston Villa,S Attwell,H,1,4,0,0,2021_22
2021-09-12,Leeds,Liverpool,C Pawson,A,2,1,1,0,2021_22
2021-09-13,Everton,Burnley,M Atkinson,H,1,1,0,0,2021_22
2021-09-17,Newcastle,Leeds,M Dean,D,2,2,0,0,2021_22
2021-09-18,Wolves,Brentford,D England,A,4,2,0,1,2021_22
2021-09-18,Burnley,Arsenal,A Taylor,A,2,1,0,0,2021_22
2021-09-18,Liverpool,Crystal Palace,A Madley,H,3,1,0,0,2021_22
2021-09-18,Man City,Southampton,J Moss,D,0,2,0,0,2021_22
2021-09-18,Norwich,Watford,R Jones,A,1,1,0,0,2021_22
2021-09-18,Aston Villa,Everton,C Pawson,H,1,1,0,0,2021_22
2021-09-19,Brighton,Leicester,S Attwell,H,2,1,0,0,2021_22
2021-09-19,West Ham,Man United,M Atkinson,A,0,0,0,0,2021_22
2021-09-19,Tottenham,Chelsea,P Tierney,A,0,1,0,0,2021_22
2021-09-25,Chelsea,Man City,M Oliver,A,3,2,0,0,2021_22
2021-09-25,Man United,Aston Villa,M Dean,A,2,2,0,0,2021_22
2021-09-25,Everton,Norwich,D Coote,H,2,3,0,0,2021_22
2021-09-25,Leeds,West Ham,K Friend,A,3,2,0,0,2021_22
2021-09-25,Leicester,Burnley,C Kavanagh,D,2,4,0,0,2021_22
2021-09-25,Watford,Newcastle,J Gillett,D,4,3,0,0,2021_22
2021-09-25,Brentford,Liverpool,S Attwell,D,1,1,0,0,2021_22
2021-09-26,Southampton,Wolves,A Madley,A,0,0,0,0,2021_22
2021-09-26,Arsenal,Tottenham,C Pawson,H,2,1,0,0,2021_22
2021-09-27,Crystal Palace,Brighton,A Marriner,D,2,3,0,0,2021_22
2021-10-02,Man United,Everton,M Oliver,D,1,1,0,0,2021_22
2021-10-02,Burnley,Norwich,K Friend,D,5,2,0,0,2021_22
2021-10-02,Chelsea,Southampton,M Atkinson,H,1,3,0,1,2021_22
2021-10-02,Leeds,Watford,S Hooper,H,0,3,0,0,2021_22
2021-10-02,Wolves,Newcastle,G Scott,H,0,2,0,0,2021_22
2021-10-02,Brighton,Arsenal,J Moss,D,2,1,0,0,2021_22
2021-10-03,Crystal Palace,Leicester,A Taylor,D,2,3,0,0,2021_22
2021-10-03,Tottenham,Aston Villa,C Kavanagh,H,2,1,0,0,2021_22
2021-10-03,West Ham,Brentford,P Bankes,A,2,3,0,0,2021_22
2021-10-03,Liverpool,Man City,P Tierney,D,3,3,0,0,2021_22
2021-10-16,Watford,Liverpool,J Moss,A,0,0,0,0,2021_22
2021-10-16,Aston Villa,Wolves,M Oliver,A,2,3,0,0,2021_22
2021-10-16,Leicester,Man United,C Pawson,H,0,3,0,0,2021_22
2021-10-16,Man City,Burnley,M Atkinson,H,1,0,0,0,2021_22
2021-10-16,Norwich,Brighton,P Bankes,D,3,5,0,0,2021_22
2021-10-16,Southampton,Leeds,D Coote,H,2,3,0,0,2021_22
2021-10-16,Brentford,Chelsea,A Taylor,A,1,1,0,0,2021_22
2021-10-17,Everton,West Ham,S Attwell,A,0,2,0,0,2021_22
2021-10-17,Newcastle,Tottenham,A Marriner,A,4,1,1,0,2021_22
2021-10-18,Arsenal,Crystal Palace,M Dean,D,1,1,0,0,2021_22
2021-10-22,Arsenal,Aston Villa,C Pawson,H,2,5,0,0,2021_22
2021-10-23,Chelsea,Norwich,A Madley,H,0,2,0,1,2021_22
2021-10-23,Crystal Palace,Newcastle,D England,D,3,4,0,0,2021_22
2021-10-23,Everton,Watford,G Scott,A,4,3,0,0,2021_22
2021-10-23,Leeds,Wolves,R Jones,D,2,3,0,0,2021_22
2021-10-23,Southampton,Burnley,C Kavanagh,D,1,3,0,0,2021_22
2021-10-23,Brighton,Man City,K Friend,A,2,3,0,0,2021_22
2021-10-24,Brentford,Leicester,S Hooper,A,1,1,0,0,2021_22
2021-10-24,West Ham,Tottenham,P Tierney,H,2,1,0,0,2021_22
2021-10-24,Man United,Liverpool,A Taylor,A,6,0,1,0,2021_22
2021-10-30,Leicester,Arsenal,M Oliver,A,2,0,0,0,2021_22
2021-10-30,Burnley,Brentford,J Moss,H,1,1,0,0,2021_22
2021-10-30,Liverpool,Brighton,M Dean,D,2,2,0,0,2021_22
2021-10-30,Man City,Crystal Palace,A Marriner,A,2,3,1,0,2021_22
2021-10-30,Newcastle,Chelsea,P Tierney,A,3,2,0,0,2021_22
2021-10-30,Watford,Southampton,P Bankes,A,2,2,0,0,2021_22
2021-10-30,Tottenham,Man United,S Attwell,A,2,3,0,0,2021_22
2021-10-31,Norwich,Leeds,A Taylor,A,1,4,0,0,2021_22
2021-10-31,Aston Villa,West Ham,C Kavanagh,A,1,2,1,0,2021_22
2021-11-01,Wolves,Everton,M Atkinson,H,1,1,0,0,2021_22
2021-11-05,Southampton,Aston Villa,A Madley,H,2,2,0,0,2021_22
2021-11-06,Man United,Man City,M Oliver,A,1,2,0,0,2021_22
2021-11-06,Brentford,Norwich,J Gillett,A,2,3,0,0,2021_22
2021-11-06,Chelsea,Burnley,A Marriner,D,1,4,0,0,2021_22
2021-11-06,Crystal Palace,Wolves,G Scott,H,2,1,0,0,2021_22
2021-11-06,Brighton,Newcastle,D Coote,D,3,4,1,0,2021_22
2021-11-07,Arsenal,Watford,K Friend,H,4,2,0,1,2021_22
2021-11-07,Everton,Tottenham,C Kavanagh,D,2,4,1,0,2021_22
2021-11-07,Leeds,Leicester,D England,D,1,1,0,0,2021_22
2021-11-07,West Ham,Liverpool,C Pawson,H,1,1,0,0,2021_22
2021-11-20,Leicester,Chelsea,P Tierney,A,3,1,0,0,2021_22
2021-11-20,Aston Villa,Brighton,A Taylor,H,3,3,0,0,2021_22
2021-11-20,Burnley,Crystal Palace,S Hooper,D,2,3,0,0,2021_22
2021-11-20,Newcastle,Brentford,R Jones,D,2,2,0,0,2021_22
2021-11-20,Norwich,Southampton,M Atkinson,H,3,2,0,0,2021_22
2021-11-20,Watford,Man United,J Moss,H,2,1,0,1,2021_22
2021-11-20,Wolves,West Ham,M Dean,H,1,1,0,0,2021_22
2021-11-20,Liverpool,Arsenal,M Oliver,H,2,0,0,0,2021_22
2021-11-21,Man City,Everton,S Attwell,H,1,1,0,0,2021_22
2021-11-21,Tottenham,Leeds,A Marriner,H,1,4,0,0,2021_22
2021-11-27,Arsenal,Newcastle,S Attwell,H,1,3,0,0,2021_22
2021-11-27,Crystal Palace,Aston Villa,M Salisbury,A,3,3,0,0,2021_22
2021-11-27,Liverpool,Southampton,A Marriner,H,0,1,0,0,2021_22
2021-11-27,Norwich,Wolves,S Hooper,D,2,2,0,0,2021_22
2021-11-27,Brighton,Leeds,C Pawson,D,1,3,0,0,2021_22
2021-11-28,Brentford,Everton,D England,H,4,3,0,0,2021_22
2021-11-28,Leicester,Watford,A Madley,H,0,0,0,0,2021_22
2021-11-28,Man City,West Ham,M Oliver,H,2,0,0,0,2021_22
2021-11-28,Chelsea,Man United,A Taylor,D,2,5,0,0,2021_22
2021-11-30,Newcastle,Norwich,A Madley,D,0,0,0,1,2021_22
2021-11-30,Leeds,Crystal Palace,K Friend,H,5,3,0,0,2021_22
2021-12-01,Southampton,Leicester,R Jones,D,1,3,0,0,2021_22
2021-12-01,Watford,Chelsea,D Coote,A,4,3,0,0,2021_22
2021-12-01,West Ham,Brighton,C Kavanagh,D,1,1,0,0,2021_22
2021-12-01,Wolves,Burnley,J Brooks,D,2,3,0,0,2021_22
2021-12-01,Aston Villa,Man City,M Dean,A,0,0,0,0,2021_22
2021-12-01,Everton,Liverpool,P Tierney,A,4,3,0,0,2021_22
2021-12-02,Tottenham,Brentford,J Moss,H,0,0,0,0,2021_22
2021-12-02,Man United,Arsenal,M Atkinson,H,1,0,0,0,2021_22
2021-12-04,West Ham,Chelsea,A Marriner,H,1,3,0,0,2021_22
2021-12-04,Newcastle,Burnley,P Tierney,H,1,1,0,0,2021_22
2021-12-04,Southampton,Brighton,A Taylor,D,4,2,0,0,2021_22
2021-12-04,Wolves,Liverpool,C Kavanagh,A,2,2,0,0,2021_22
2021-12-04,Watford,Man City,S Hooper,A,3,0,0,0,2021_22
2021-12-05,Leeds,Brentford,D Coote,D,5,3,0,0,2021_22
2021-12-05,Man United,Crystal Palace,C Pawson,H,2,2,0,0,2021_22
2021-12-05,Tottenham,Norwich,J Gillett,H,1,2,0,0,2021_22
2021-12-05,Aston Villa,Leicester,M Oliver,H,1,1,0,0,2021_22
2021-12-06,Everton,Arsenal,M Dean,H,2,2,0,0,2021_22
2021-12-10,Brentford,Watford,M Oliver,H,4,0,0,0,2021_22
2021-12-11,Man City,Wolves,J Moss,H,3,2,0,1,2021_22
2021-12-11,Arsenal,Southampton,J Gillett,H,2,0,0,0,2021_22
2021-12-11,Chelsea,Leeds,C Kavanagh,H,2,5,0,0,2021_22
2021-12-11,Liverpool,Aston Villa,S Attwell,H,1,2,0,0,2021_22
2021-12-11,Norwich,Man United,D England,A,1,1,0,0,2021_22
2021-12-12,Burnley,West Ham,G Scott,D,2,1,0,0,2021_22
2021-12-12,Leicester,Newcastle,P Bankes,H,2,3,0,0,2021_22
2021-12-12,Crystal Palace,Everton,A Madley,H,0,2,0,0,2021_22
2021-12-14,Norwich,Aston Villa,D Coote,A,3,1,0,0,2021_22
2021-12-14,Man City,Leeds,P Tierney,H,1,1,0,0,2021_22
2021-12-15,Brighton,Wolves,T Harrington,A,2,0,0,0,2021_22
2021-12-15,Crystal Palace,Southampton,S Hooper,D,2,4,0,0,2021_22
2021-12-15,Arsenal,West Ham,A Taylor,H,2,0,0,1,2021_22
2021-12-16,Chelsea,Everton,M Oliver,D,2,3,0,0,2021_22
2021-12-16,Liverpool,Newcastle,M Dean,H,1,3,0,0,2021_22
2021-12-18,Leeds,Arsenal,A Marriner,A,3,1,0,0,2021_22
2021-12-19,Newcastle,Man City,M Atkinson,A,1,2,0,0,2021_22
2021-12-19,Wolves,Chelsea,D Coote,D,0,2,0,0,2021_22
2021-12-19,Tottenham,Liverpool,P Tierney,D,4,4,0,1,2021_22
2021-12-26,Man City,Leicester,C Kavanagh,H,1,2,0,0,2021_22
2021-12-26,Norwich,Arsenal,G Scott,A,1,2,0,0,2021_22
2021-12-26,Tottenham,Crystal Palace,J Moss,H,1,1,0,1,2021_22
2021-12-26,West Ham,Southampton,K Friend,A,2,3,0,0,2021_22
2021-12-26,Aston Villa,Chelsea,M Atkinson,A,3,1,0,0,2021_22
2021-12-26,Brighton,Brentford,D England,H,1,3,0,0,2021_22
2021-12-27,Newcastle,Man United,C Pawson,D,3,3,0,0,2021_22
2021-12-28,Crystal Palace,Norwich,P Tierney,H,1,2,0,0,2021_22
2021-12-28,Southampton,Tottenham,A Taylor,D,2,2,1,0,2021_22
2021-12-28,Watford,West Ham,D England,A,0,1,0,0,2021_22
2021-12-28,Leicester,Liverpool,M Oliver,H,0,1,0,0,2021_22
2021-12-29,Chelsea,Brighton,M Dean,D,4,1,0,0,2021_22
2021-12-29,Brentford,Man City,D Coote,A,0,0,0,0,2021_22
2021-12-30,Man United,Burnley,J Moss,H,0,0,0,0,2021_22
2022-01-01,Arsenal,Man City,S Attwell,A,3,2,1,0,2021_22
2022-01-01,Watford,Tottenham,R Jones,A,0,1,0,0,2021_22
2022-01-01,Crystal Palace,West Ham,D England,A,0,2,0,0,2021_22
2022-01-02,Brentford,Aston Villa,C Pawson,H,2,2,0,0,2021_22
2022-01-02,Everton,Brighton,J Brooks,A,1,1,0,0,2021_22
2022-01-02,Leeds,Burnley,P Tierney,H,2,1,0,0,2021_22
2022-01-02,Chelsea,Liverpool,A Taylor,D,1,2,0,0,2021_22
2022-01-03,Man United,Wolves,M Dean,A,3,1,0,0,2021_22
2022-01-11,Southampton,Brentford,S Attwell,H,0,1,0,0,2021_22
2022-01-12,West Ham,Norwich,S Hooper,H,0,0,0,0,2021_22
2022-01-14,Brighton,Crystal Palace,R Jones,D,0,2,0,0,2021_22
2022-01-15,Man City,Chelsea,C Pawson,H,0,2,0,0,2021_22
2022-01-15,Newcastle,Watford,P Tierney,D,3,2,0,0,2021_22
2022-01-15,Norwich,Everton,A Madley,H,3,1,0,0,2021_22
2022-01-15,Wolves,Southampton,M Salisbury,H,2,3,0,0,2021_22
2022-01-15,Aston Villa,Man United,D Coote,D,1,2,0,0,2021_22
2022-01-16,Liverpool,Brentford,J Moss,H,0,1,0,0,2021_22
2022-01-16,West Ham,Leeds,M Dean,A,3,2,0,0,2021_22
2022-01-18,Brighton,Chelsea,K Friend,D,1,2,0,0,2021_22
2022-01-19,Leicester,Tottenham,J Moss,A,1,2,0,0,2021_22
2022-01-19,Brentford,Man United,A Marriner,A,0,0,0,0,2021_22
2022-01-21,Watford,Norwich,M Dean,A,0,1,1,0,2021_22
2022-01-22,Everton,Aston Villa,C Pawson,A,5,3,0,0,2021_22
2022-01-22,Brentford,Wolves,P Bankes,A,2,3,0,0,2021_22
2022-01-22,Leeds,Newcastle,C Kavanagh,A,4,2,0,0,2021_22
2022-01-22,Man United,West Ham,J Moss,H,1,1,0,0,2021_22
2022-01-22,Southampton,Man City,S Hooper,D,3,0,0,0,2021_22
2022-01-23,Arsenal,Burnley,D Coote,D,0,2,0,0,2021_22
2022-01-23,Crystal Palace,Liverpool,K Friend,A,4,1,0,0,2021_22
2022-01-23,Leicester,Brighton,M Atkinson,D,0,1,0,0,2021_22
2022-01-23,Chelsea,Tottenham,P Tierney,H,2,1,0,0,2021_22
2022-02-05,Burnley,Watford,C Pawson,D,1,2,0,0,2021_22
2022-02-08,Newcastle,Everton,A Taylor,H,2,3,0,0,2021_22
2022-02-08,West Ham,Watford,M Atkinson,H,1,0,0,0,2021_22
2022-02-08,Burnley,Man United,M Dean,D,2,1,0,0,2021_22
2022-02-09,Man City,Brentford,D England,H,0,0,0,0,2021_22
2022-02-09,Norwich,Crystal Palace,P Tierney,D,1,2,0,0,2021_22
2022-02-09,Tottenham,Southampton,D Coote,A,2,3,0,0,2021_22
2022-02-09,Aston Villa,Leeds,J Gillett,D,1,3,1,0,2021_22
2022-02-10,Liverpool,Leicester,C Kavanagh,H,1,0,0,0,2021_22
2022-02-10,Wolves,Arsenal,M Oliver,A,2,3,0,1,2021_22
2022-02-12,Man United,Southampton,S Attwell,D,4,0,0,0,2021_22
2022-02-12,Brentford,Crystal Palace,S Hooper,D,1,0,0,0,2021_22
2022-02-12,Everton,Leeds,G Scott,H,1,1,0,0,2021_22
2022-02-12,Watford,Brighton,J Moss,A,3,2,0,0,2021_22
2022-02-12,Norwich,Man City,A Marriner,A,0,2,0,0,2021_22
2022-02-13,Burnley,Liverpool,M Atkinson,A,0,1,0,0,2021_22
2022-02-13,Newcastle,Aston Villa,C Pawson,H,3,4,0,0,2021_22
2022-02-13,Tottenham,Wolves,K Friend,A,3,1,0,0,2021_22
2022-02-13,Leicester,West Ham,M Oliver,D,1,2,0,0,2021_22
2022-02-15,Man United,Brighton,P Bankes,H,3,1,0,1,2021_22
2022-02-19,West Ham,Newcastle,C Kavanagh,D,3,3,0,0,2021_22
2022-02-19,Arsenal,Brentford,J Moss,H,1,1,0,0,2021_22
2022-02-19,Aston Villa,Watford,R Jones,A,1,2,0,0,2021_22
2022-02-19,Brighton,Burnley,K Friend,A,1,4,0,0,2021_22
2022-02-19,Crystal Palace,Chelsea,D Coote,A,1,3,0,0,2021_22
2022-02-19,Liverpool,Norwich,M Dean,H,0,1,0,0,2021_22
2022-02-19,Southampton,Everton,A Madley,H,0,2,0,0,2021_22
2022-02-19,Man City,Tottenham,A Taylor,A,0,3,0,0,2021_22
2022-02-20,Leeds,Man United,P Tierney,A,6,3,0,0,2021_22
2022-02-20,Wolves,Leicester,C Pawson,H,4,4,0,0,2021_22
2022-02-23,Burnley,Tottenham,G Scott,H,0,0,0,0,2021_22
2022-02-23,Watford,Crystal Palace,A Marriner,A,2,1,0,0,2021_22
2022-02-23,Liverpool,Leeds,M Oliver,H,0,3,0,0,2021_22
2022-02-24,Arsenal,Wolves,M Atkinson,H,1,1,0,0,2021_22
2022-02-25,Southampton,Norwich,S Hooper,H,1,2,0,0,2021_22
2022-02-26,Leeds,Tottenham,C Pawson,A,4,2,0,0,2021_22
2022-02-26,Brentford,Newcastle,M Dean,A,3,1,1,0,2021_22
2022-02-26,Crystal Palace,Burnley,J Moss,D,0,2,0,0,2021_22
2022-02-26,Man United,Watford,K Friend,D,0,0,0,0,2021_22
2022-02-26,Brighton,Aston Villa,J Brooks,A,4,5,0,0,2021_22
2022-02-26,Everton,Man City,P Tierney,A,3,2,0,0,2021_22
2022-02-27,West Ham,Wolves,A Taylor,H,1,0,0,0,2021_22
2022-03-01,Burnley,Leicester,C Kavanagh,A,1,1,0,0,2021_22
2022-03-05,Leicester,Leeds,D Coote,H,1,2,0,0,2021_22
2022-03-05,Aston Villa,Southampton,P Bankes,H,1,1,0,0,2021_22
2022-03-05,Burnley,Chelsea,A Marriner,A,2,0,0,0,2021_22
2022-03-05,Newcastle,Brighton,M Atkinson,H,1,1,0,0,2021_22
2022-03-05,Norwich,Brentford,A Taylor,A,2,5,0,0,2021_22
2022-03-05,Wolves,Crystal Palace,A Madley,A,0,3,0,0,2021_22
2022-03-05,Liverpool,West Ham,J Moss,H,2,1,0,0,2021_22
2022-03-06,Watford,Arsenal,C Pawson,A,1,2,0,0,2021_22
2022-03-06,Man City,Man United,M Oliver,H,0,1,0,0,2021_22
2022-03-07,Tottenham,Everton,S Attwell,H,2,0,0,0,2021_22
2022-03-10,Norwich,Chelsea,M Atkinson,A,0,2,0,0,2021_22
2022-03-10,Southampton,Newcastle,K Friend,A,1,1,0,0,2021_22
2022-03-10,Wolves,Watford,D England,H,2,2,0,0,2021_22
2022-03-10,Leeds,Aston Villa,S Hooper,A,5,3,0,0,2021_22
2022-03-12,Brighton,Liverpool,M Dean,A,3,1,0,0,2021_22
2022-03-12,Brentford,Burnley,P Tierney,H,1,1,0,1,2021_22
2022-03-12,Man United,Tottenham,J Moss,H,2,1,0,0,2021_22
2022-03-13,Chelsea,Newcastle,D Coote,H,4,3,0,0,2021_22
2022-03-13,Everton,Wolves,M Oliver,A,2,1,1,0,2021_22
2022-03-13,Leeds,Norwich,S Attwell,H,3,1,0,0,2021_22
2022-03-13,Southampton,Watford,G Scott,A,3,2,0,0,2021_22
2022-03-13,West Ham,Aston Villa,J Gillett,H,1,0,0,0,2021_22
2022-03-13,Arsenal,Leicester,A Taylor,H,0,3,0,0,2021_22
2022-03-14,Crystal Palace,Man City,M Atkinson,D,3,1,0,0,2021_22
2022-03-16,Brighton,Tottenham,R Jones,A,2,2,0,0,2021_22
2022-03-16,Arsenal,Liverpool,A Marriner,A,0,1,0,0,2021_22
2022-03-17,Everton,Newcastle,C Pawson,H,2,1,1,0,2021_22
2022-03-18,Wolves,Leeds,K Friend,A,1,4,1,0,2021_22
2022-03-19,Aston Villa,Arsenal,A Madley,A,3,3,0,0,2021_22
2022-03-20,Leicester,Brentford,D England,H,1,2,0,0,2021_22
2022-03-20,Tottenham,West Ham,A Taylor,H,0,1,0,0,2021_22
2022-04-02,Liverpool,Watford,S Attwell,H,1,1,0,0,2021_22
2022-04-02,Brighton,Norwich,S Hooper,D,1,1,0,0,2021_22
2022-04-02,Burnley,Man City,C Pawson,A,1,0,0,0,2021_22
2022-04-02,Chelsea,Brentford,A Madley,A,0,0,0,0,2021_22
2022-04-02,Leeds,Southampton,A Taylor,D,1,1,0,0,2021_22
2022-04-02,Wolves,Aston Villa,D England,H,4,3,0,0,2021_22
2022-04-02,Man United,Leicester,A Marriner,D,2,2,0,0,2021_22
2022-04-03,West Ham,Everton,M Oliver,H,1,1,0,1,2021_22
2022-04-03,Tottenham,Newcastle,M Atkinson,H,2,3,0,0,2021_22
2022-04-04,Crystal Palace,Arsenal,P Tierney,H,0,2,0,0,2021_22
2022-04-06,Burnley,Everton,M Dean,H,2,2,0,0,2021_22
2022-04-08,Newcastle,Wolves,P Bankes,H,1,1,0,0,2021_22
2022-04-09,Everton,Man United,J Moss,H,2,2,0,0,2021_22
2022-04-09,Arsenal,Brighton,D Coote,A,3,4,0,0,2021_22
2022-04-09,Southampton,Chelsea,K Friend,A,1,0,0,0,2021_22
2022-04-09,Watford,Leeds,A Marriner,A,2,0,0,0,2021_22
2022-04-09,Aston Villa,Tottenham,G Scott,A,2,3,0,0,2021_22
2022-04-10,Brentford,West Ham,M Atkinson,H,0,1,0,0,2021_22
2022-04-10,Leicester,Crystal Palace,R Jones,H,1,1,0,0,2021_22
2022-04-10,Norwich,Burnley,M Oliver,H,1,1,0,0,2021_22
2022-04-10,Man City,Liverpool,A Taylor,D,1,4,0,0,2021_22
2022-04-16,Tottenham,Brighton,C Pawson,A,3,3,0,0,2021_22
2022-04-16,Man United,Norwich,A Madley,H,0,0,0,0,2021_22
2022-04-16,Southampton,Arsenal,P Bankes,H,2,1,0,0,2021_22
2022-04-16,Watford,Brentford,S Hooper,A,2,1,0,0,2021_22
2022-04-17,Newcastle,Leicester,J Gillett,H,2,2,0,0,2021_22
2022-04-17,West Ham,Burnley,P Tierney,D,2,2,0,0,2021_22
2022-04-19,Liverpool,Man United,M Atkinson,H,1,2,0,0,2021_22
2022-04-20,Chelsea,Arsenal,J Moss,A,3,1,0,0,2021_22
2022-04-20,Everton,Leicester,D Coote,D,3,1,0,0,2021_22
2022-04-20,Newcastle,Crystal Palace,T Harrington,H,1,1,0,0,2021_22
2022-04-20,Man City,Brighton,M Dean,H,0,3,0,0,2021_22
2022-04-21,Burnley,Southampton,S Attwell,H,2,2,0,0,2021_22
2022-04-23,Arsenal,Man United,C Pawson,H,3,4,0,0,2021_22
2022-04-23,Leicester,Aston Villa,A Madley,D,3,2,0,0,2021_22
2022-04-23,Man City,Watford,K Friend,H,1,0,0,0,2021_22
2022-04-23,Norwich,Newcastle,C Kavanagh,A,0,2,0,0,2021_22
2022-04-23,Brentford,Tottenham,M Atkinson,D,2,1,0,0,2021_22
2022-04-24,Brighton,Southampton,R Jones,D,1,0,0,0,2021_22
2022-04-24,Burnley,Wolves,A Taylor,H,3,1,0,0,2021_22
2022-04-24,Chelsea,West Ham,M Oliver,H,1,0,0,1,2021_22
2022-04-24,Liverpool,Everton,S Attwell,H,2,5,0,0,2021_22
2022-04-25,Crystal Palace,Leeds,D England,D,2,2,0,0,2021_22
2022-04-28,Man United,Chelsea,M Dean,D,0,1,0,0,2021_22
2022-04-30,Newcastle,Liverpool,A Marriner,A,1,3,0,0,2021_22
2022-04-30,Aston Villa,Norwich,J Brooks,H,4,1,0,0,2021_22
2022-04-30,Southampton,Crystal Palace,J Gillett,A,1,3,0,0,2021_22
2022-04-30,Watford,Burnley,C Pawson,A,1,2,0,0,2021_22
2022-04-30,Wolves,Brighton,S Hooper,A,2,1,0,0,2021_22
2022-04-30,Leeds,Man City,P Tierney,A,1,2,0,0,2021_22
2022-05-01,Everton,Chelsea,K Friend,H,3,5,0,0,2021_22
2022-05-01,Tottenham,Leicester,J Moss,H,2,3,0,0,2021_22
2022-05-01,West Ham,Arsenal,M Dean,A,2,2,0,0,2021_22
2022-05-02,Man United,Brentford,C Kavanagh,H,1,0,0,0,2021_22
2022-05-07,Brentford,Southampton,M Salisbury,H,0,1,0,0,2021_22
2022-05-07,Burnley,Aston Villa,D Coote,A,1,2,0,0,2021_22
2022-05-07,Chelsea,Wolves,P Bankes,D,1,3,0,0,2021_22
2022-05-07,Crystal Palace,Watford,G Scott,H,2,1,0,1,2021_22
2022-05-07,Brighton,Man United,A Madley,H,0,2,0,0,2021_22
2022-05-07,Liverpool,Tottenham,M Oliver,D,3,2,0,0,2021_22
2022-05-08,Arsenal,Leeds,C Kavanagh,H,2,2,0,1,2021_22
2022-05-08,Leicester,Everton,C Pawson,A,3,0,0,0,2021_22
2022-05-08,Norwich,West Ham,R Jones,A,1,1,0,0,2021_22
2022-05-08,Man City,Newcastle,S Attwell,H,1,3,0,0,2021_22
2022-05-10,Aston Villa,Liverpool,J Moss,A,0,0,0,0,2021_22
2022-05-11,Leeds,Chelsea,A Taylor,A,1,0,1,0,2021_22
2022-05-11,Leicester,Norwich,S Hooper,H,0,0,0,0,2021_22
2022-05-11,Watford,Everton,M Dean,D,1,2,0,0,2021_22
2022-05-11,Wolves,Man City,M Atkinson,A,0,1,0,0,2021_22
2022-05-12,Tottenham,Arsenal,P Tierney,H,1,3,0,1,2021_22
2022-05-15,Tottenham,Burnley,K Friend,H,3,2,0,0,2021_22
2022-05-15,Aston Villa,Crystal Palace,C Kavanagh,D,1,3,0,0,2021_22
2022-05-15,Leeds,Brighton,M Dean,D,3,2,0,0,2021_22
2022-05-15,Watford,Leicester,J Gillett,A,0,1,0,0,2021_22
2022-05-15,West Ham,Man City,A Taylor,D,3,1,0,0,2021_22
2022-05-15,Wolves,Norwich,T Harrington,D,0,3,0,0,2021_22
2022-05-15,Everton,Brentford,M Oliver,A,0,3,2,0,2021_22
2022-05-16,Newcastle,Arsenal,D England,H,0,3,0,0,2021_22
2022-05-17,Southampton,Liverpool,M Atkinson,A,2,0,0,0,2021_22
2022-05-19,Everton,Crystal Palace,A Taylor,H,2,3,0,0,2021_22
2022-05-19,Aston Villa,Burnley,P Tierney,D,0,1,0,1,2021_22
2022-05-19,Chelsea,Leicester,S Attwell,D,4,1,0,0,2021_22
2022-05-22,Arsenal,Everton,A Marriner,H,0,1,0,0,2021_22
2022-05-22,Brentford,Leeds,P Tierney,A,2,1,1,0,2021_22
2022-05-22,Brighton,West Ham,K Friend,H,1,1,0,0,2021_22
2022-05-22,Burnley,Newcastle,C Pawson,A,1,0,0,0,2021_22
2022-05-22,Chelsea,Watford,M Dean,H,0,0,0,0,2021_22
2022-05-22,Crystal Palace,Man United,M Atkinson,H,2,4,0,0,2021_22
2022-05-22,Leicester,Southampton,J Moss,H,0,1,0,0,2021_22
2022-05-22,Liverpool,Wolves,A Taylor,H,1,0,0,0,2021_22
2022-05-22,Man City,Aston Villa,M Oliver,H,0,1,0,0,2021_22
2022-05-22,Norwich,Tottenham,C Kavanagh,A,3,1,0,0,2021_22
2022-08-05,Crystal Palace,Arsenal,A Taylor,A,1,2,0,0,2022_23
2022-08-06,Fulham,Liverpool,A Madley,D,2,0,0,0,2022_23
2022-08-06,Bournemouth,Aston Villa,P Bankes,H,3,3,0,0,2022_23
2022-08-06,Leeds,Wolves,R Jones,H,2,0,0,0,2022_23
2022-08-06,Newcastle,Nott'm Forest,S Hooper,H,0,3,0,0,2022_23
2022-08-06,Tottenham,Southampton,A Marriner,H,3,0,0,0,2022_23
2022-08-06,Everton,Chelsea,C Pawson,A,3,2,0,0,2022_23
2022-08-07,Leicester,Brentford,J Gillett,D,0,0,0,0,2022_23
2022-08-07,Man United,Brighton,P Tierney,A,4,1,0,0,2022_23
2022-08-07,West Ham,Man City,M Oliver,A,0,1,0,0,2022_23
2022-08-13,Aston Villa,Everton,M Oliver,H,4,1,0,0,2022_23
2022-08-13,Arsenal,Leicester,D England,H,1,1,0,0,2022_23
2022-08-13,Brighton,Newcastle,G Scott,D,2,3,0,0,2022_23
2022-08-13,Man City,Bournemouth,D Coote,H,0,3,0,0,2022_23
2022-08-13,Southampton,Leeds,T Harrington,D,1,3,0,0,2022_23
2022-08-13,Wolves,Fulham,J Brooks,D,3,3,0,0,2022_23
2022-08-13,Brentford,Man United,S Attwell,H,0,4,0,0,2022_23
2022-08-14,Nott'm Forest,West Ham,R Jones,H,4,1,0,0,2022_23
2022-08-14,Chelsea,Tottenham,A Taylor,D,3,0,0,0,2022_23
2022-08-15,Liverpool,Crystal Palace,P Tierney,D,2,4,1,0,2022_23
2022-08-20,Tottenham,Wolves,S Hooper,H,2,2,0,0,2022_23
2022-08-20,Crystal Palace,Aston Villa,A Madley,H,2,1,0,0,2022_23
2022-08-20,Everton,Nott'm Forest,A Marriner,D,3,2,0,0,2022_23
2022-08-20,Fulham,Brentford,P Bankes,H,3,2,0,0,2022_23
2022-08-20,Leicester,Southampton,M Salisbury,A,2,3,0,0,2022_23
2022-08-20,Bournemouth,Arsenal,C Pawson,A,2,1,0,0,2022_23
2022-08-21,Leeds,Chelsea,S Attwell,H,0,1,0,1,2022_23
2022-08-21,West Ham,Brighton,A Taylor,A,2,0,0,0,2022_23
2022-08-21,Newcastle,Man City,J Gillett,D,4,2,0,0,2022_23
2022-08-22,Man United,Liverpool,M Oliver,H,3,1,0,0,2022_23
2022-08-27,Southampton,Man United,A Madley,A,0,3,0,0,2022_23
2022-08-27,Brentford,Everton,J Brooks,D,2,2,0,0,2022_23
2022-08-27,Brighton,Leeds,M Salisbury,H,2,3,0,0,2022_23
2022-08-27,Chelsea,Leicester,P Tierney,H,1,2,1,0,2022_23
2022-08-27,Liverpool,Bournemouth,S Attwell,H,0,1,0,0,2022_23
2022-08-27,Man City,Crystal Palace,D England,H,1,2,0,0,2022_23
2022-08-27,Arsenal,Fulham,J Gillett,H,2,3,0,0,2022_23
2022-08-28,Aston Villa,West Ham,D Coote,A,2,0,0,0,2022_23
2022-08-28,Wolves,Newcastle,P Bankes,D,2,1,0,0,2022_23
2022-08-28,Nott'm Forest,Tottenham,C Pawson,A,6,1,0,0,2022_23
2022-08-30,Crystal Palace,Brentford,S Hooper,D,1,2,0,0,2022_23
2022-08-30,Fulham,Brighton,T Bramall,H,2,1,0,0,2022_23
2022-08-30,Southampton,Chelsea,M Oliver,H,2,1,0,0,2022_23
2022-08-30,Leeds,Everton,D England,D,3,3,0,0,2022_23
2022-08-31,Arsenal,Aston Villa,R Jones,H,2,3,0,0,2022_23
2022-08-31,Bournemouth,Wolves,A Taylor,D,2,1,0,0,2022_23
2022-08-31,Man City,Nott'm Forest,P Tierney,H,0,1,0,0,2022_23
2022-08-31,West Ham,Tottenham,P Bankes,D,2,5,0,0,2022_23
2022-08-31,Liverpool,Newcastle,A Marriner,H,0,2,0,0,2022_23
2022-09-01,Leicester,Man United,C Pawson,A,1,3,0,0,2022_23
2022-09-03,Everton,Liverpool,A Taylor,D,2,2,0,0,2022_23
2022-09-03,Brentford,Leeds,R Jones,H,2,2,0,0,2022_23
2022-09-03,Chelsea,West Ham,A Madley,H,4,2,0,0,2022_23
2022-09-03,Newcastle,Crystal Palace,M Salisbury,D,2,1,0,0,2022_23
2022-09-03,Nott'm Forest,Bournemouth,M Oliver,A,2,1,0,0,2022_23
2022-09-03,Tottenham,Fulham,S Attwell,H,3,4,0,0,2022_23
2022-09-03,Wolves,Southampton,J Brooks,H,4,2,0,0,2022_23
2022-09-03,Aston Villa,Man City,S Hooper,D,2,0,0,0,2022_23
2022-09-04,Brighton,Leicester,T Harrington,H,1,1,0,0,2022_23
2022-09-04,Man United,Arsenal,P Tierney,H,3,3,0,0,2022_23
2022-09-16,Aston Villa,Southampton,T Harrington,H,3,1,0,0,2022_23
2022-09-16,Nott'm Forest,Fulham,J Gillett,A,2,4,0,0,2022_23
2022-09-17,Wolves,Man City,A Taylor,A,2,1,1,0,2022_23
2022-09-17,Newcastle,Bournemouth,C Pawson,D,2,2,0,0,2022_23
2022-09-17,Tottenham,Leicester,S Hooper,H,1,2,0,0,2022_23
2022-09-18,Brentford,Arsenal,D Coote,A,0,2,0,0,2022_23
2022-09-18,Everton,West Ham,M Oliver,H,3,1,0,0,2022_23
2022-10-01,Arsenal,Tottenham,A Taylor,H,2,1,0,1,2022_23
2022-10-01,Bournemouth,Brentford,T Bramall,D,1,2,0,0,2022_23
2022-10-01,Crystal Palace,Chelsea,C Kavanagh,A,1,3,0,0,2022_23
2022-10-01,Fulham,Newcastle,D England,A,2,0,1,0,2022_23
2022-10-01,Liverpool,Brighton,A Madley,D,1,1,0,0,2022_23
2022-10-01,Southampton,Everton,A Marriner,A,2,2,0,0,2022_23
2022-10-01,West Ham,Wolves,P Tierney,H,2,2,0,0,2022_23
2022-10-02,Man City,Man United,M Oliver,H,0,3,0,0,2022_23
2022-10-02,Leeds,Aston Villa,S Attwell,D,3,2,1,0,2022_23
2022-10-03,Leicester,Nott'm Forest,R Jones,H,2,4,0,0,2022_23
2022-10-08,Bournemouth,Leicester,M Salisbury,H,1,2,0,0,2022_23
2022-10-08,Chelsea,Wolves,S Hooper,H,2,0,0,0,2022_23
2022-10-08,Man City,Southampton,A Madley,H,0,1,0,0,2022_23
2022-10-08,Newcastle,Brentford,J Brooks,H,0,1,0,0,2022_23
2022-10-08,Brighton,Tottenham,T Harrington,A,1,2,0,0,2022_23
2022-10-09,Crystal Palace,Leeds,P Tierney,H,3,3,0,0,2022_23
2022-10-09,West Ham,Fulham,C Kavanagh,H,1,3,0,0,2022_23
2022-10-09,Arsenal,Liverpool,M Oliver,H,1,2,0,0,2022_23
2022-10-09,Everton,Man United,D Coote,A,2,1,0,0,2022_23
2022-10-10,Nott'm Forest,Aston Villa,A Taylor,D,3,3,0,0,2022_23
2022-10-14,Brentford,Brighton,M Salisbury,H,3,1,0,0,2022_23
2022-10-15,Leicester,Crystal Palace,A Madley,D,2,2,0,0,2022_23
2022-10-15,Fulham,Bournemouth,G Scott,D,2,0,0,0,2022_23
2022-10-15,Wolves,Nott'm Forest,T Bramall,H,2,2,0,0,2022_23
2022-10-15,Tottenham,Everton,P Tierney,H,1,4,0,0,2022_23
2022-10-16,Aston Villa,Chelsea,R Jones,A,0,3,0,0,2022_23
2022-10-16,Leeds,Arsenal,C Kavanagh,A,0,2,0,0,2022_23
2022-10-16,Man United,Newcastle,C Pawson,D,3,1,0,0,2022_23
2022-10-16,Southampton,West Ham,P Bankes,D,1,1,0,0,2022_23
2022-10-16,Liverpool,Man City,A Taylor,H,3,1,0,0,2022_23
2022-10-18,Brighton,Nott'm Forest,D England,D,3,1,0,0,2022_23
2022-10-18,Crystal Palace,Wolves,D Coote,H,3,1,0,0,2022_23
2022-10-19,Bournemouth,Southampton,J Brooks,A,1,3,0,0,2022_23
2022-10-19,Brentford,Chelsea,J Gillett,D,0,0,0,0,2022_23
2022-10-19,Liverpool,West Ham,S Attwell,H,0,0,0,0,2022_23
2022-10-19,Newcastle,Everton,T Harrington,H,2,4,0,0,2022_23
2022-10-19,Man United,Tottenham,S Hooper,H,1,0,0,0,2022_23
2022-10-20,Fulham,Aston Villa,M Oliver,H,0,2,0,1,2022_23
2022-10-20,Leicester,Leeds,P Bankes,H,2,1,0,0,2022_23
2022-10-22,Nott'm Forest,Liverpool,P Tierney,H,2,1,0,0,2022_23
2022-10-22,Everton,Crystal Palace,S Hooper,H,3,4,0,0,2022_23
2022-10-22,Man City,Brighton,C Pawson,H,1,3,0,0,2022_23
2022-10-22,Chelsea,Man United,S Attwell,D,1,4,0,0,2022_23
2022-10-23,Aston Villa,Brentford,D England,H,1,0,0,0,2022_23
2022-10-23,Leeds,Fulham,A Taylor,A,1,1,0,0,2022_23
2022-10-23,Southampton,Arsenal,R Jones,D,2,1,0,0,2022_23
2022-10-23,Wolves,Leicester,M Oliver,A,2,1,0,0,2022_23
2022-10-23,Tottenham,Newcastle,J Gillett,A,4,2,0,0,2022_23
2022-10-24,West Ham,Bournemouth,D Coote,H,0,2,0,0,2022_23
2022-10-29,Leicester,Man City,R Jones,A,0,0,0,0,2022_23
2022-10-29,Bournemouth,Tottenham,A Taylor,A,1,2,0,0,2022_23
2022-10-29,Brentford,Wolves,R Madley,D,3,3,0,1,2022_23
2022-10-29,Brighton,Chelsea,A Madley,H,1,2,0,0,2022_23
2022-10-29,Crystal Palace,Southampton,M Salisbury,H,3,3,0,0,2022_23
2022-10-29,Newcastle,Aston Villa,P Tierney,H,1,1,0,0,2022_23
2022-10-29,Fulham,Everton,J Brooks,D,2,1,0,0,2022_23
2022-10-29,Liverpool,Leeds,M Oliver,A,0,1,0,0,2022_23
2022-10-30,Arsenal,Nott'm Forest,S Hooper,H,0,1,0,0,2022_23
2022-10-30,Man United,West Ham,C Kavanagh,H,1,3,0,0,2022_23
2022-11-05,Leeds,Bournemouth,T Harrington,H,2,2,0,0,2022_23
2022-11-05,Man City,Fulham,D England,H,2,4,1,0,2022_23
2022-11-05,Nott'm Forest,Brentford,A Marriner,D,2,2,0,0,2022_23
2022-11-05,Wolves,Brighton,G Scott,A,2,0,1,0,2022_23
2022-11-05,Everton,Leicester,D Coote,A,0,0,0,0,2022_23
2022-11-06,Chelsea,Arsenal,M Oliver,A,5,2,0,0,2022_23
2022-11-06,Aston Villa,Man United,A Taylor,H,3,3,0,0,2022_23
2022-11-06,Southampton,Newcastle,S Attwell,A,1,0,0,0,2022_23
2022-11-06,West Ham,Crystal Palace,P Tierney,A,1,1,0,0,2022_23
2022-11-06,Tottenham,Liverpool,A Madley,A,0,0,0,0,2022_23
2022-11-12,Man City,Brentford,P Bankes,A,2,2,0,0,2022_23
2022-11-12,Bournemouth,Everton,C Pawson,H,2,0,0,0,2022_23
2022-11-12,Liverpool,Southampton,S Hooper,H,0,2,0,0,2022_23
2022-11-12,Nott'm Forest,Crystal Palace,J Brooks,H,1,4,0,0,2022_23
2022-11-12,Tottenham,Leeds,M Salisbury,H,1,1,0,1,2022_23
2022-11-12,West Ham,Leicester,J Gillett,A,3,1,0,0,2022_23
2022-11-12,Newcastle,Chelsea,R Jones,H,3,2,0,0,2022_23
2022-11-12,Wolves,Arsenal,S Attwell,A,3,2,0,0,2022_23
2022-11-13,Brighton,Aston Villa,C Kavanagh,A,2,7,0,0,2022_23
2022-11-13,Fulham,Man United,P Tierney,A,1,1,0,0,2022_23
2022-12-26,Brentford,Tottenham,D Coote,D,3,1,0,0,2022_23
2022-12-26,Crystal Palace,Fulham,A Madley,A,0,0,2,0,2022_23
2022-12-26,Everton,Wolves,C Pawson,A,1,6,0,0,2022_23
2022-12-26,Leicester,Newcastle,J Gillett,A,0,0,0,0,2022_23
2022-12-26,Southampton,Brighton,R Jones,A,1,2,0,0,2022_23
2022-12-26,Aston Villa,Liverpool,P Tierney,A,0,0,0,0,2022_23
2022-12-26,Arsenal,West Ham,M Oliver,H,0,2,0,0,2022_23
2022-12-27,Chelsea,Bournemouth,S Hooper,H,0,0,0,0,2022_23
2022-12-27,Man United,Nott'm Forest,A Taylor,H,3,1,0,0,2022_23
2022-12-28,Leeds,Man City,S Attwell,A,3,3,0,0,2022_23
2022-12-30,West Ham,Brentford,D England,A,1,0,0,0,2022_23
2022-12-30,Liverpool,Leicester,C Pawson,H,0,1,0,0,2022_23
2022-12-31,Wolves,Man United,R Jones,A,1,3,0,0,2022_23
2022-12-31,Bournemouth,Crystal Palace,A Marriner,A,4,1,0,0,2022_23
2022-12-31,Fulham,Southampton,G Scott,H,0,1,0,0,2022_23
2022-12-31,Man City,Everton,A Madley,D,3,4,0,0,2022_23
2022-12-31,Newcastle,Leeds,S Hooper,D,3,5,0,0,2022_23
2022-12-31,Brighton,Arsenal,A Taylor,A,3,3,0,0,2022_23
2023-01-01,Tottenham,Aston Villa,J Brooks,A,4,3,0,0,2022_23
2023-01-01,Nott'm Forest,Chelsea,P Bankes,D,2,2,0,0,2022_23
2023-01-02,Brentford,Liverpool,S Attwell,H,1,3,0,0,2022_23
2023-01-03,Arsenal,Newcastle,A Madley,D,4,4,0,0,2022_23
2023-01-03,Everton,Brighton,A Marriner,A,3,1,0,0,2022_23
2023-01-03,Leicester,Fulham,D Bond,A,2,6,0,0,2022_23
2023-01-03,Man United,Bournemouth,M Salisbury,H,0,3,0,0,2022_23
2023-01-04,Southampton,Nott'm Forest,T Bramall,A,2,2,0,0,2022_23
2023-01-04,Leeds,West Ham,D Coote,D,3,1,0,0,2022_23
2023-01-04,Aston Villa,Wolves,J Gillett,D,1,3,0,0,2022_23
2023-01-04,Crystal Palace,Tottenham,M Oliver,A,1,2,0,0,2022_23
2023-01-05,Chelsea,Man City,P Tierney,A,2,0,0,0,2022_23
2023-01-12,Fulham,Chelsea,D Coote,H,4,3,0,1,2022_23
2023-01-13,Aston Villa,Leeds,M Oliver,H,2,2,0,0,2022_23
2023-01-14,Man United,Man City,S Attwell,H,3,0,0,0,2022_23
2023-01-14,Brighton,Liverpool,D England,H,1,3,0,0,2022_23
2023-01-14,Everton,Southampton,J Brooks,A,0,3,0,0,2022_23
2023-01-14,Nott'm Forest,Leicester,P Tierney,H,1,2,0,0,2022_23
2023-01-14,Wolves,West Ham,S Hooper,H,0,2,0,0,2022_23
2023-01-14,Brentford,Bournemouth,J Gillett,H,1,1,0,0,2022_23
2023-01-15,Chelsea,Crystal Palace,P Bankes,H,2,5,0,0,2022_23
2023-01-15,Newcastle,Fulham,R Jones,H,1,3,0,0,2022_23
2023-01-15,Tottenham,Arsenal,C Pawson,A,4,2,0,0,2022_23
2023-01-18,Crystal Palace,Man United,R Jones,D,1,2,0,0,2022_23
2023-01-19,Man City,Tottenham,S Hooper,H,1,2,0,0,2022_23
2023-01-21,Liverpool,Chelsea,M Oliver,D,3,1,0,0,2022_23
2023-01-21,Bournemouth,Nott'm Forest,A Madley,D,1,2,0,0,2022_23
2023-01-21,Leicester,Brighton,T Bramall,D,0,1,0,0,2022_23
2023-01-21,Southampton,Aston Villa,M Salisbury,A,1,2,0,0,2022_23
2023-01-21,West Ham,Everton,S Attwell,H,1,1,0,0,2022_23
2023-01-21,Crystal Palace,Newcastle,C Pawson,D,4,2,0,0,2022_23
2023-01-22,Leeds,Brentford,P Bankes,D,2,2,0,0,2022_23
2023-01-22,Man City,Wolves,D Coote,H,1,2,0,0,2022_23
2023-01-22,Arsenal,Man United,A Taylor,H,1,2,0,0,2022_23
2023-01-23,Fulham,Tottenham,P Tierney,A,1,3,0,0,2022_23
2023-02-03,Chelsea,Fulham,S Attwell,D,1,4,0,0,2022_23
2023-02-04,Everton,Arsenal,D Coote,H,4,1,0,0,2022_23
2023-02-04,Aston Villa,Leicester,D England,A,0,2,0,0,2022_23
2023-02-04,Brentford,Southampton,D Bond,H,1,2,0,0,2022_23
2023-02-04,Brighton,Bournemouth,C Pawson,H,3,1,0,0,2022_23
2023-02-04,Man United,Crystal Palace,A Marriner,H,1,2,1,0,2022_23
2023-02-04,Wolves,Liverpool,P Tierney,H,1,1,0,0,2022_23
2023-02-04,Newcastle,West Ham,P Bankes,D,2,1,0,0,2022_23
2023-02-05,Nott'm Forest,Leeds,R Jones,H,4,2,0,0,2022_23
2023-02-05,Tottenham,Man City,A Madley,H,2,3,1,0,2022_23
2023-02-08,Man United,Leeds,S Hooper,D,1,3,0,0,2022_23
2023-02-11,West Ham,Chelsea,C Pawson,D,1,1,0,0,2022_23
2023-02-11,Arsenal,Brentford,P Bankes,D,0,2,0,0,2022_23
2023-02-11,Crystal Palace,Brighton,M Oliver,D,4,1,0,0,2022_23
2023-02-11,Fulham,Nott'm Forest,A Madley,H,0,1,0,0,2022_23
2023-02-11,Leicester,Tottenham,M Salisbury,H,5,2,0,0,2022_23
2023-02-11,Southampton,Wolves,J Gillett,A,2,2,0,1,2022_23
2023-02-11,Bournemouth,Newcastle,S Attwell,D,2,3,0,0,2022_23
2023-02-12,Leeds,Man United,P Tierney,A,2,1,0,0,2022_23
2023-02-12,Man City,Aston Villa,R Jones,H,1,2,0,0,2022_23
2023-02-13,Liverpool,Everton,S Hooper,H,1,3,0,0,2022_23
2023-02-15,Arsenal,Man City,A Taylor,A,2,3,0,0,2022_23
2023-02-18,Aston Villa,Arsenal,S Hooper,A,2,1,0,0,2022_23
2023-02-18,Brentford,Crystal Palace,P Tierney,D,2,2,0,0,2022_23
2023-02-18,Brighton,Fulham,D England,A,0,5,0,0,2022_23
2023-02-18,Chelsea,Southampton,D Coote,A,3,6,0,0,2022_23
2023-02-18,Everton,Leeds,A Madley,H,2,3,0,0,2022_23
2023-02-18,Nott'm Forest,Man City,G Scott,D,1,0,0,0,2022_23
2023-02-18,Wolves,Bournemouth,M Salisbury,A,3,3,0,0,2022_23
2023-02-18,Newcastle,Liverpool,A Taylor,A,1,1,1,0,2022_23
2023-02-19,Man United,Leicester,S Attwell,H,0,2,0,0,2022_23
2023-02-19,Tottenham,West Ham,M Oliver,H,2,1,0,0,2022_23
2023-02-24,Fulham,Wolves,M Oliver,D,2,0,0,0,2022_23
2023-02-25,Everton,Aston Villa,A Taylor,A,2,1,0,0,2022_23
2023-02-25,Leeds,Southampton,P Bankes,H,2,4,0,0,2022_23
2023-02-25,Leicester,Arsenal,C Pawson,A,0,1,0,0,2022_23
2023-02-25,West Ham,Nott'm Forest,J Gillett,H,0,0,0,0,2022_23
2023-02-25,Bournemouth,Man City,P Tierney,A,2,2,0,0,2022_23
2023-02-25,Crystal Palace,Liverpool,D England,D,2,5,0,0,2022_23
2023-02-26,Tottenham,Chelsea,S Attwell,H,2,3,0,0,2022_23
2023-03-01,Arsenal,Everton,M Oliver,H,0,2,0,0,2022_23
2023-03-01,Liverpool,Wolves,P Tierney,H,2,3,0,0,2022_23
2023-03-04,Man City,Newcastle,S Hooper,H,2,4,0,0,2022_23
2023-03-04,Arsenal,Bournemouth,C Kavanagh,H,0,2,0,0,2022_23
2023-03-04,Aston Villa,Crystal Palace,C Pawson,H,2,3,0,1,2022_23
2023-03-04,Brighton,West Ham,S Attwell,H,0,3,0,0,2022_23
2023-03-04,Chelsea,Leeds,M Oliver,H,2,0,0,0,2022_23
2023-03-04,Wolves,Tottenham,T Robinson,H,1,1,0,0,2022_23
2023-03-04,Southampton,Leicester,R Jones,H,4,2,0,0,2022_23
2023-03-05,Nott'm Forest,Everton,J Brooks,D,3,5,0,0,2022_23
2023-03-05,Liverpool,Man United,A Madley,H,2,3,0,0,2022_23
2023-03-06,Brentford,Fulham,A Taylor,H,0,3,0,0,2022_23
2023-03-11,Bournemouth,Liverpool,J Brooks,H,2,1,0,0,2022_23
2023-03-11,Everton,Brentford,S Hooper,H,2,1,0,0,2022_23
2023-03-11,Leeds,Brighton,P Tierney,D,1,1,0,0,2022_23
2023-03-11,Leicester,Chelsea,A Marriner,A,1,2,1,0,2022_23
2023-03-11,Tottenham,Nott'm Forest,C Pawson,H,3,1,0,0,2022_23
2023-03-11,Crystal Palace,Man City,R Jones,A,2,2,0,0,2022_23
2023-03-12,Fulham,Arsenal,D Coote,A,0,1,0,0,2022_23
2023-03-12,Man United,Southampton,A Taylor,D,2,0,0,0,2022_23
2023-03-12,West Ham,Aston Villa,C Kavanagh,D,1,0,0,0,2022_23
2023-03-12,Newcastle,Wolves,A Madley,H,1,2,0,0,2022_23
2023-03-15,Brighton,Crystal Palace,P Bankes,H,1,2,0,0,2022_23
2023-03-15,Southampton,Brentford,M Salisbury,A,1,2,0,0,2022_23
2023-03-17,Nott'm Forest,Newcastle,P Tierney,A,5,1,0,0,2022_23
2023-03-18,Aston Villa,Bournemouth,R Jones,H,1,4,0,0,2022_23
2023-03-18,Brentford,Leicester,D Bond,D,1,2,1,0,2022_23
2023-03-18,Southampton,Tottenham,S Hooper,D,1,1,0,0,2022_23
2023-03-18,Wolves,Leeds,M Salisbury,A,3,5,1,0,2022_23
2023-03-18,Chelsea,Everton,D England,D,2,2,0,0,2022_23
2023-03-19,Arsenal,Crystal Palace,S Attwell,H,0,1,0,0,2022_23
2023-04-01,Man City,Liverpool,S Hooper,H,1,1,0,0,2022_23
2023-04-01,Arsenal,Leeds,D England,H,0,2,0,0,2022_23
2023-04-01,Bournemouth,Fulham,P Bankes,H,1,4,0,0,2022_23
2023-04-01,Brighton,Brentford,M Oliver,D,2,1,0,0,2022_23
2023-04-01,Crystal Palace,Leicester,T Robinson,H,3,4,0,0,2022_23
2023-04-01,Nott'm Forest,Wolves,C Kavanagh,D,3,5,0,0,2022_23
2023-04-01,Chelsea,Aston Villa,A Madley,A,3,3,0,0,2022_23
2023-04-02,West Ham,Southampton,P Tierney,H,0,2,0,0,2022_23
2023-04-02,Newcastle,Man United,S Attwell,H,0,0,0,0,2022_23
2023-04-03,Everton,Tottenham,D Coote,D,0,3,1,1,2022_23
2023-04-04,Bournemouth,Brighton,D Bond,A,1,1,0,0,2022_23
2023-04-04,Leeds,Nott'm Forest,R Jones,H,1,4,0,0,2022_23
2023-04-04,Leicester,Aston Villa,G Scott,A,2,0,1,0,2022_23
2023-04-04,Chelsea,Liverpool,A Taylor,D,1,4,0,0,2022_23
2023-04-05,Man United,Brentford,J Brooks,H,3,2,0,0,2022_23
2023-04-05,West Ham,Newcastle,C Pawson,A,2,1,0,0,2022_23
2023-04-08,Man United,Everton,M Oliver,H,0,0,0,0,2022_23
2023-04-08,Aston Villa,Nott'm Forest,A Taylor,H,3,4,0,0,2022_23
2023-04-08,Brentford,Newcastle,C Kavanagh,A,0,0,0,0,2022_23
2023-04-08,Fulham,West Ham,J Gillett,A,1,1,0,0,2022_23
2023-04-08,Leicester,Bournemouth,D Coote,A,0,3,0,0,2022_23
2023-04-08,Tottenham,Brighton,S Attwell,H,3,1,0,0,2022_23
2023-04-08,Wolves,Chelsea,P Bankes,H,2,5,0,0,2022_23
2023-04-08,Southampton,Man City,R Jones,A,0,2,0,0,2022_23
2023-04-09,Leeds,Crystal Palace,S Hooper,A,3,1,0,0,2022_23
2023-04-09,Liverpool,Arsenal,P Tierney,D,4,4,0,0,2022_23
2023-04-15,Aston Villa,Newcastle,J Brooks,H,1,1,0,0,2022_23
2023-04-15,Chelsea,Brighton,R Jones,A,2,2,0,0,2022_23
2023-04-15,Everton,Fulham,A Taylor,A,3,2,0,0,2022_23
2023-04-15,Southampton,Crystal Palace,M Oliver,A,3,1,0,0,2022_23
2023-04-15,Tottenham,Bournemouth,A Madley,A,1,2,0,0,2022_23
2023-04-15,Wolves,Brentford,P Tierney,H,1,1,0,0,2022_23
2023-04-15,Man City,Leicester,D England,H,1,1,0,0,2022_23
2023-04-16,West Ham,Arsenal,D Coote,D,1,2,0,0,2022_23
2023-04-16,Nott'm Forest,Man United,S Hooper,A,2,2,0,0,2022_23
2023-04-17,Leeds,Liverpool,C Pawson,A,0,1,0,0,2022_23
2023-04-21,Arsenal,Southampton,S Hooper,D,1,5,0,0,2022_23
2023-04-22,Fulham,Leeds,P Bankes,H,1,4,0,0,2022_23
2023-04-22,Brentford,Aston Villa,M Salisbury,D,3,2,0,0,2022_23
2023-04-22,Crystal Palace,Everton,J Brooks,D,1,1,0,1,2022_23
2023-04-22,Leicester,Wolves,A Madley,H,1,3,0,0,2022_23
2023-04-22,Liverpool,Nott'm Forest,M Oliver,H,0,1,0,0,2022_23
2023-04-23,Bournemouth,West Ham,A Taylor,A,1,2,0,0,2022_23
2023-04-23,Newcastle,Tottenham,D Coote,H,0,3,0,0,2022_23
2023-04-25,Wolves,Crystal Palace,R Jones,H,5,4,0,0,2022_23
2023-04-25,Aston Villa,Fulham,T Bramall,H,3,2,0,0,2022_23
2023-04-25,Leeds,Leicester,P Tierney,D,4,2,0,0,2022_23
2023-04-26,Nott'm Forest,Brighton,J Gillett,H,2,0,0,0,2022_23
2023-04-26,Chelsea,Brentford,A Madley,A,1,2,0,0,2022_23
2023-04-26,West Ham,Liverpool,C Kavanagh,A,0,0,0,0,2022_23
2023-04-26,Man City,Arsenal,M Oliver,H,3,1,0,0,2022_23
2023-04-27,Everton,Newcastle,A Marriner,A,2,1,0,0,2022_23
2023-04-27,Southampton,Bournemouth,D England,A,0,3,0,0,2022_23
2023-04-27,Tottenham,Man United,A Taylor,D,1,2,0,0,2022_23
2023-04-29,Crystal Palace,West Ham,C Pawson,H,1,2,0,0,2022_23
2023-04-29,Brentford,Nott'm Forest,P Bankes,H,1,2,0,0,2022_23
2023-04-29,Brighton,Wolves,D Coote,H,1,1,0,0,2022_23
2023-04-30,Bournemouth,Leeds,C Kavanagh,H,1,0,0,0,2022_23
2023-04-30,Fulham,Man City,S Hooper,A,1,3,0,0,2022_23
2023-04-30,Man United,Aston Villa,J Gillett,H,2,0,0,0,2022_23
2023-04-30,Newcastle,Southampton,A Taylor,H,1,4,0,0,2022_23
2023-04-30,Liverpool,Tottenham,P Tierney,H,3,2,0,0,2022_23
2023-05-01,Leicester,Everton,M Oliver,D,4,1,0,0,2022_23
2023-05-02,Arsenal,Chelsea,R Jones,H,0,2,0,0,2022_23
2023-05-03,Liverpool,Fulham,S Attwell,H,0,0,0,0,2022_23
2023-05-03,Man City,West Ham,J Brooks,H,0,1,0,0,2022_23
2023-05-04,Brighton,Man United,A Marriner,H,4,4,0,0,2022_23
2023-05-06,Bournemouth,Chelsea,J Brooks,A,1,3,0,0,2022_23
2023-05-06,Man City,Leeds,A Madley,H,0,3,0,0,2022_23
2023-05-06,Tottenham,Crystal Palace,D England,H,3,5,0,0,2022_23
2023-05-06,Wolves,Aston Villa,S Attwell,H,3,3,0,0,2022_23
2023-05-06,Liverpool,Brentford,A Taylor,H,4,2,0,0,2022_23
2023-05-07,Newcastle,Arsenal,C Kavanagh,A,2,1,0,0,2022_23
2023-05-07,West Ham,Man United,P Bankes,H,0,2,0,0,2022_23
2023-05-08,Fulham,Leicester,R Jones,H,0,3,0,0,2022_23
2023-05-08,Brighton,Everton,S Hooper,A,1,5,0,0,2022_23
2023-05-08,Nott'm Forest,Southampton,M Oliver,H,1,0,0,0,2022_23
2023-05-13,Leeds,Newcastle,S Hooper,D,3,2,1,0,2022_23
2023-05-13,Aston Villa,Tottenham,P Bankes,H,3,3,0,0,2022_23
2023-05-13,Chelsea,Nott'm Forest,P Tierney,D,3,1,0,0,2022_23
2023-05-13,Crystal Palace,Bournemouth,M Salisbury,H,0,2,0,0,2022_23
2023-05-13,Man United,Wolves,J Brooks,H,3,2,0,0,2022_23
2023-05-13,Southampton,Fulham,T Bramall,A,2,0,0,0,2022_23
2023-05-14,Brentford,West Ham,M Oliver,H,1,0,0,0,2022_23
2023-05-14,Everton,Man City,A Taylor,A,1,0,0,0,2022_23
2023-05-14,Arsenal,Brighton,A Madley,A,1,2,0,0,2022_23
2023-05-15,Leicester,Liverpool,C Pawson,A,2,1,0,0,2022_23
2023-05-18,Newcastle,Brighton,R Jones,H,2,4,0,0,2022_23
2023-05-20,Tottenham,Brentford,J Gillett,A,1,1,0,0,2022_23
2023-05-20,Bournemouth,Man United,C Kavanagh,A,1,0,0,0,2022_23
2023-05-20,Fulham,Crystal Palace,J Smith,D,3,0,0,0,2022_23
2023-05-20,Liverpool,Aston Villa,J Brooks,D,3,5,0,0,2022_23
2023-05-20,Wolves,Everton,D Coote,D,5,1,0,0,2022_23
2023-05-20,Nott'm Forest,Arsenal,A Taylor,H,3,2,0,0,2022_23
2023-05-21,West Ham,Leeds,P Bankes,H,1,3,0,0,2022_23
2023-05-21,Brighton,Southampton,P Tierney,H,2,5,0,0,2022_23
2023-05-21,Man City,Chelsea,M Oliver,H,0,2,0,0,2022_23
2023-05-22,Newcastle,Leicester,A Marriner,D,2,0,0,0,2022_23
2023-05-24,Brighton,Man City,S Hooper,D,2,1,0,0,2022_23
2023-05-25,Man United,Chelsea,S Attwell,H,1,1,0,0,2022_23
2023-05-28,Arsenal,Wolves,A Marriner,H,0,0,0,0,2022_23
2023-05-28,Aston Villa,Brighton,D Coote,H,4,4,0,0,2022_23
2023-05-28,Brentford,Man City,J Brooks,H,4,0,0,0,2022_23
2023-05-28,Chelsea,Newcastle,J Gillett,D,0,0,0,0,2022_23
2023-05-28,Crystal Palace,Nott'm Forest,T Bramall,D,0,2,0,0,2022_23
2023-05-28,Everton,Bournemouth,S Attwell,H,1,3,0,0,2022_23
2023-05-28,Leeds,Tottenham,A Taylor,A,3,0,0,0,2022_23
2023-05-28,Leicester,West Ham,S Hooper,H,1,1,0,0,2022_23
2023-05-28,Man United,Fulham,R Jones,H,1,2,0,0,2022_23
2023-05-28,Southampton,Liverpool,D England,D,0,2,0,0,2022_23
2023-08-11,Burnley,Man City,C Pawson,A,0,0,1,0,2023_24
2023-08-12,Arsenal,Nott'm Forest,M Oliver,H,2,2,0,0,2023_24
2023-08-12,Bournemouth,West Ham,P Bankes,D,1,4,0,0,2023_24
2023-08-12,Brighton,Luton,D Coote,H,2,2,0,0,2023_24
2023-08-12,Everton,Fulham,S Attwell,A,0,2,0,0,2023_24
2023-08-12,Sheffield United,Crystal Palace,J Brooks,A,3,0,0,0,2023_24
2023-08-12,Newcastle,Aston Villa,A Madley,H,4,4,0,0,2023_24
2023-08-13,Brentford,Tottenham,R Jones,D,1,4,0,0,2023_24
2023-08-13,Chelsea,Liverpool,A Taylor,D,3,3,0,0,2023_24
2023-08-14,Man United,Wolves,S Hooper,H,2,3,0,0,2023_24
2023-08-18,Nott'm Forest,Sheffield United,P Bankes,H,2,3,0,0,2023_24
2023-08-19,Fulham,Brentford,D Bond,A,2,2,1,0,2023_24
2023-08-19,Liverpool,Bournemouth,T Bramall,H,1,3,1,0,2023_24
2023-08-19,Wolves,Brighton,A Madley,A,3,6,1,0,2023_24
2023-08-19,Tottenham,Man United,M Oliver,H,1,3,0,0,2023_24
2023-08-19,Man City,Newcastle,R Jones,H,1,5,0,0,2023_24
2023-08-20,Aston Villa,Everton,A Taylor,H,3,4,0,0,2023_24
2023-08-20,West Ham,Chelsea,J Brooks,H,2,3,1,0,2023_24
2023-08-21,Crystal Palace,Arsenal,D Coote,A,2,1,0,1,2023_24
2023-08-25,Chelsea,Luton,R Jones,H,2,3,0,0,2023_24
2023-08-26,Bournemouth,Tottenham,T Robinson,A,1,3,0,0,2023_24
2023-08-26,Arsenal,Fulham,P Tierney,D,0,3,0,1,2023_24
2023-08-26,Brentford,Crystal Palace,P Bankes,D,0,0,0,0,2023_24
2023-08-26,Everton,Wolves,C Pawson,A,3,4,0,0,2023_24
2023-08-26,Man United,Nott'm Forest,S Attwell,H,4,4,0,1,2023_24
2023-08-26,Brighton,West Ham,A Taylor,A,1,3,0,0,2023_24
2023-08-27,Burnley,Aston Villa,M Salisbury,A,2,0,0,0,2023_24
2023-08-27,Sheffield United,Man City,J Gillett,A,3,0,0,0,2023_24
2023-08-27,Newcastle,Liverpool,J Brooks,A,1,2,0,1,2023_24
2023-09-01,Luton,West Ham,P Tierney,A,1,1,0,0,2023_24
2023-09-02,Sheffield United,Everton,A Madley,D,1,2,0,0,2023_24
2023-09-02,Brentford,Bournemouth,R Madley,D,1,2,0,0,2023_24
2023-09-02,Burnley,Tottenham,D England,A,4,3,0,0,2023_24
2023-09-02,Chelsea,Nott'm Forest,T Robinson,A,3,4,0,0,2023_24
2023-09-02,Man City,Fulham,M Oliver,H,2,4,0,0,2023_24
2023-09-02,Brighton,Newcastle,S Attwell,H,4,4,0,0,2023_24
2023-09-03,Crystal Palace,Wolves,R Jones,H,1,3,0,0,2023_24
2023-09-03,Liverpool,Aston Villa,S Hooper,H,0,1,0,0,2023_24
2023-09-03,Arsenal,Man United,A Taylor,H,2,3,0,0,2023_24
2023-09-16,Wolves,Liverpool,M Oliver,A,1,3,0,0,2023_24
2023-09-16,Aston Villa,Crystal Palace,D England,H,5,3,0,0,2023_24
2023-09-16,Fulham,Luton,M Salisbury,H,2,2,0,0,2023_24
2023-09-16,Man United,Brighton,J Gillett,A,2,2,0,0,2023_24
2023-09-16,Tottenham,Sheffield United,P Bankes,H,6,5,0,1,2023_24
2023-09-16,West Ham,Man City,A Madley,A,3,2,0,0,2023_24
2023-09-16,Newcastle,Brentford,C Pawson,H,3,5,0,0,2023_24
2023-09-17,Bournemouth,Chelsea,D Coote,D,1,5,0,0,2023_24
2023-09-17,Everton,Arsenal,S Hooper,A,1,1,0,0,2023_24
2023-09-18,Nott'm Forest,Burnley,R Jones,D,2,3,0,1,2023_24
2023-09-23,Crystal Palace,Fulham,P Tierney,D,3,2,0,0,2023_24
2023-09-23,Luton,Wolves,J Smith,D,0,2,0,1,2023_24
2023-09-23,Man City,Nott'm Forest,A Taylor,H,3,7,1,0,2023_24
2023-09-23,Brentford,Everton,M Oliver,A,2,2,0,0,2023_24
2023-09-23,Burnley,Man United,T Harrington,A,1,2,0,0,2023_24
2023-09-24,Arsenal,Tottenham,R Jones,D,3,4,0,0,2023_24
2023-09-24,Brighton,Bournemouth,J Brooks,H,3,3,0,0,2023_24
2023-09-24,Chelsea,Aston Villa,J Gillett,A,2,3,0,0,2023_24
2023-09-24,Liverpool,West Ham,C Kavanagh,H,0,2,0,0,2023_24
2023-09-24,Sheffield United,Newcastle,S Attwell,A,3,0,0,0,2023_24
2023-09-30,Aston Villa,Brighton,A Madley,H,4,4,0,0,2023_24
2023-09-30,Bournemouth,Arsenal,M Salisbury,A,0,1,0,0,2023_24
2023-09-30,Everton,Luton,A Taylor,A,0,1,0,0,2023_24
2023-09-30,Man United,Crystal Palace,C Kavanagh,A,3,2,0,0,2023_24
2023-09-30,Newcastle,Burnley,T Bramall,H,1,3,0,0,2023_24
2023-09-30,West Ham,Sheffield United,G Scott,H,1,1,0,0,2023_24
2023-09-30,Wolves,Man City,C Pawson,H,5,4,0,0,2023_24
2023-09-30,Tottenham,Liverpool,S Hooper,H,5,4,0,2,2023_24
2023-10-01,Nott'm Forest,Brentford,P Tierney,D,1,2,1,0,2023_24
2023-10-02,Fulham,Chelsea,T Robinson,A,1,4,0,0,2023_24
2023-10-03,Luton,Burnley,P Bankes,A,4,2,0,0,2023_24
2023-10-07,Luton,Tottenham,J Brooks,A,2,1,0,1,2023_24
2023-10-07,Burnley,Chelsea,S Attwell,A,2,4,0,0,2023_24
2023-10-07,Everton,Bournemouth,D Coote,H,1,2,0,0,2023_24
2023-10-07,Fulham,Sheffield United,S Barrott,H,1,2,0,0,2023_24
2023-10-07,Man United,Brentford,A Madley,H,0,5,0,0,2023_24
2023-10-07,Crystal Palace,Nott'm Forest,C Pawson,D,0,1,0,0,2023_24
2023-10-08,Brighton,Liverpool,A Taylor,D,1,2,0,0,2023_24
2023-10-08,West Ham,Newcastle,P Bankes,D,3,3,0,0,2023_24
2023-10-08,Wolves,Aston Villa,R Jones,D,2,2,1,0,2023_24
2023-10-08,Arsenal,Man City,M Oliver,H,2,3,0,0,2023_24
2023-10-21,Liverpool,Everton,C Pawson,H,1,1,0,1,2023_24
2023-10-21,Bournemouth,Wolves,P Tierney,A,2,6,1,0,2023_24
2023-10-21,Brentford,Burnley,J Smith,H,5,2,0,1,2023_24
2023-10-21,Man City,Brighton,R Jones,H,2,2,1,0,2023_24
2023-10-21,Newcastle,Crystal Palace,T Robinson,H,2,3,0,0,2023_24
2023-10-21,Nott'm Forest,Luton,S Barrott,D,3,0,0,0,2023_24
2023-10-21,Chelsea,Arsenal,C Kavanagh,D,3,3,0,0,2023_24
2023-10-21,Sheffield United,Man United,M Oliver,A,3,1,0,0,2023_24
2023-10-22,Aston Villa,West Ham,D Coote,H,0,1,0,0,2023_24
2023-10-23,Tottenham,Fulham,A Taylor,H,2,0,0,0,2023_24
2023-10-27,Crystal Palace,Tottenham,A Madley,A,2,1,0,0,2023_24
2023-10-28,Chelsea,Brentford,S Hooper,A,1,4,0,0,2023_24
2023-10-28,Arsenal,Sheffield United,T Robinson,H,0,3,0,0,2023_24
2023-10-28,Bournemouth,Burnley,S Barrott,H,2,3,0,0,2023_24
2023-10-28,Wolves,Newcastle,A Taylor,D,1,4,0,0,2023_24
2023-10-29,West Ham,Everton,S Attwell,A,4,1,0,0,2023_24
2023-10-29,Aston Villa,Luton,J Brooks,H,3,2,0,0,2023_24
2023-10-29,Brighton,Fulham,M Salisbury,D,0,3,0,0,2023_24
2023-10-29,Liverpool,Nott'm Forest,C Kavanagh,H,2,3,0,0,2023_24
2023-10-29,Man United,Man City,P Tierney,A,4,1,0,0,2023_24
2023-11-04,Fulham,Man United,J Brooks,A,5,2,0,0,2023_24
2023-11-04,Brentford,West Ham,T Bramall,H,1,4,0,0,2023_24
2023-11-04,Burnley,Crystal Palace,P Bankes,A,0,5,0,0,2023_24
2023-11-04,Everton,Brighton,T Robinson,D,4,2,0,0,2023_24
2023-11-04,Man City,Bournemouth,C Pawson,H,0,1,0,0,2023_24
2023-11-04,Sheffield United,Wolves,R Jones,H,2,3,0,0,2023_24
2023-11-04,Newcastle,Arsenal,S Attwell,H,5,1,0,0,2023_24
2023-11-05,Nott'm Forest,Aston Villa,J Gillett,H,1,1,0,0,2023_24
2023-11-05,Luton,Liverpool,A Madley,D,1,1,0,0,2023_24
2023-11-06,Tottenham,Chelsea,M Oliver,A,1,5,2,0,2023_24
2023-11-11,Wolves,Tottenham,T Robinson,H,4,3,0,0,2023_24
2023-11-11,Arsenal,Burnley,M Oliver,H,0,1,1,0,2023_24
2023-11-11,Crystal Palace,Everton,S Barrott,A,1,4,0,0,2023_24
2023-11-11,Man United,Luton,G Scott,H,0,2,0,0,2023_24
2023-11-11,Bournemouth,Newcastle,C Kavanagh,H,2,1,0,0,2023_24
2023-11-12,Aston Villa,Fulham,S Hooper,H,2,5,0,0,2023_24
2023-11-12,Brighton,Sheffield United,J Brooks,D,3,2,1,0,2023_24
2023-11-12,Liverpool,Brentford,P Tierney,H,1,2,0,0,2023_24
2023-11-12,West Ham,Nott'm Forest,M Salisbury,H,2,2,0,0,2023_24
2023-11-12,Chelsea,Man City,A Taylor,D,5,3,0,0,2023_24
2023-11-25,Man City,Liverpool,C Kavanagh,D,1,3,0,0,2023_24
2023-11-25,Burnley,West Ham,S Barrott,A,1,3,0,0,2023_24
2023-11-25,Luton,Crystal Palace,J Gillett,H,6,1,0,0,2023_24
2023-11-25,Newcastle,Chelsea,S Hooper,H,4,4,0,1,2023_24
2023-11-25,Nott'm Forest,Brighton,A Taylor,A,2,4,0,1,2023_24
2023-11-25,Sheffield United,Bournemouth,A Madley,A,4,1,0,0,2023_24
2023-11-25,Brentford,Arsenal,T Robinson,A,1,1,0,0,2023_24
2023-11-26,Tottenham,Aston Villa,R Jones,A,0,4,0,0,2023_24
2023-11-26,Everton,Man United,J Brooks,A,3,0,0,0,2023_24
2023-11-27,Fulham,Wolves,M Salisbury,H,2,2,0,0,2023_24
2023-12-02,Arsenal,Wolves,P Bankes,H,1,2,0,0,2023_24
2023-12-02,Brentford,Luton,A Taylor,H,1,2,0,0,2023_24
2023-12-02,Burnley,Sheffield United,C Kavanagh,H,2,5,0,1,2023_24
2023-12-02,Nott'm Forest,Everton,P Tierney,A,1,0,0,0,2023_24
2023-12-02,Newcastle,Man United,R Jones,H,1,2,0,0,2023_24
2023-12-03,Bournemouth,Aston Villa,T Bramall,D,5,3,0,0,2023_24
2023-12-03,Chelsea,Brighton,C Pawson,H,3,5,1,0,2023_24
2023-12-03,Liverpool,Fulham,S Attwell,H,0,0,0,0,2023_24
2023-12-03,West Ham,Crystal Palace,M Oliver,D,2,0,0,0,2023_24
2023-12-03,Man City,Tottenham,S Hooper,D,4,4,0,0,2023_24
2023-12-05,Wolves,Burnley,J Gillett,H,2,4,0,0,2023_24
2023-12-05,Luton,Arsenal,S Barrott,A,2,1,0,0,2023_24
2023-12-06,Brighton,Brentford,P Bankes,H,3,1,0,0,2023_24
2023-12-06,Crystal Palace,Bournemouth,C Pawson,A,1,3,0,0,2023_24
2023-12-06,Fulham,Nott'm Forest,J Smith,H,0,1,0,0,2023_24
2023-12-06,Sheffield United,Liverpool,S Hooper,A,2,3,0,0,2023_24
2023-12-06,Aston Villa,Man City,J Brooks,H,2,2,0,0,2023_24
2023-12-06,Man United,Chelsea,C Kavanagh,H,4,0,0,0,2023_24
2023-12-07,Everton,Newcastle,T Robinson,H,3,0,0,0,2023_24
2023-12-07,Tottenham,West Ham,M Salisbury,A,3,3,0,0,2023_24
2023-12-09,Crystal Palace,Liverpool,A Madley,A,5,2,1,0,2023_24
2023-12-09,Brighton,Burnley,S Hooper,D,0,4,0,0,2023_24
2023-12-09,Man United,Bournemouth,P Bankes,A,3,1,0,0,2023_24
2023-12-09,Sheffield United,Brentford,S Attwell,H,5,1,0,0,2023_24
2023-12-09,Wolves,Nott'm Forest,S Barrott,D,0,1,0,0,2023_24
2023-12-09,Aston Villa,Arsenal,J Gillett,H,4,2,0,0,2023_24
2023-12-10,Everton,Chelsea,M Oliver,H,2,2,0,0,2023_24
2023-12-10,Fulham,West Ham,P Tierney,H,2,1,0,0,2023_24
2023-12-10,Luton,Man City,T Robinson,A,2,1,0,0,2023_24
2023-12-10,Tottenham,Newcastle,C Kavanagh,H,1,3,0,0,2023_24
2023-12-15,Nott'm Forest,Tottenham,J Gillett,A,2,4,0,1,2023_24
2023-12-16,Chelsea,Sheffield United,A Madley,H,1,3,0,0,2023_24
2023-12-16,Man City,Crystal Palace,P Tierney,D,1,1,0,0,2023_24
2023-12-16,Newcastle,Fulham,S Barrott,H,0,2,0,1,2023_24
2023-12-16,Burnley,Everton,A Taylor,A,0,1,0,0,2023_24
2023-12-17,Arsenal,Brighton,T Robinson,H,1,3,0,0,2023_24
2023-12-17,Brentford,Aston Villa,D Coote,A,6,4,1,1,2023_24
2023-12-17,West Ham,Wolves,C Kavanagh,H,3,1,0,0,2023_24
2023-12-17,Liverpool,Man United,M Oliver,D,2,4,0,1,2023_24
2023-12-21,Crystal Palace,Brighton,J Brooks,D,5,2,0,0,2023_24
2023-12-22,Aston Villa,Sheffield United,A Taylor,D,3,3,0,0,2023_24
2023-12-23,West Ham,Man United,S Hooper,H,2,3,0,0,2023_24
2023-12-23,Fulham,Burnley,R Welch,A,2,1,0,0,2023_24
2023-12-23,Luton,Newcastle,D England,H,2,1,0,0,2023_24
2023-12-23,Nott'm Forest,Bournemouth,R Jones,A,0,3,1,0,2023_24
2023-12-23,Tottenham,Everton,S Attwell,H,1,4,0,0,2023_24
2023-12-23,Liverpool,Arsenal,C Kavanagh,D,2,5,0,0,2023_24
2023-12-24,Wolves,Chelsea,D Coote,H,3,5,0,0,2023_24
2023-12-26,Newcastle,Nott'm Forest,C Kavanagh,A,3,3,0,0,2023_24
2023-12-26,Bournemouth,Fulham,T Robinson,H,0,2,0,0,2023_24
2023-12-26,Sheffield United,Luton,S Allison,A,5,0,0,0,2023_24
2023-12-26,Burnley,Liverpool,P Tierney,A,2,1,0,0,2023_24
2023-12-26,Man United,Aston Villa,C Pawson,H,1,3,0,0,2023_24
2023-12-27,Brentford,Wolves,A Madley,A,1,1,0,0,2023_24
2023-12-27,Chelsea,Crystal Palace,M Salisbury,H,3,2,0,0,2023_24
2023-12-27,Everton,Man City,J Brooks,A,4,2,0,0,2023_24
2023-12-28,Brighton,Tottenham,J Gillett,H,3,2,0,0,2023_24
2023-12-28,Arsenal,West Ham,M Oliver,A,2,0,0,0,2023_24
2023-12-30,Luton,Chelsea,P Tierney,A,2,2,0,0,2023_24
2023-12-30,Aston Villa,Burnley,S Attwell,H,4,1,0,1,2023_24
2023-12-30,Crystal Palace,Brentford,R Jones,H,0,1,0,0,2023_24
2023-12-30,Man City,Sheffield United,D Coote,H,1,1,0,0,2023_24
2023-12-30,Wolves,Everton,T Bramall,H,2,3,0,0,2023_24
2023-12-30,Nott'm Forest,Man United,T Robinson,H,2,4,0,0,2023_24
2023-12-31,Fulham,Arsenal,J Smith,H,4,1,0,0,2023_24
2023-12-31,Tottenham,Bournemouth,S Hooper,H,3,3,0,0,2023_24
2024-01-01,Liverpool,Newcastle,A Taylor,H,3,5,0,0,2023_24
2024-01-02,West Ham,Brighton,S Barrott,D,1,0,0,0,2023_24
2024-01-12,Burnley,Luton,T Harrington,D,1,0,0,0,2023_24
2024-01-13,Chelsea,Fulham,A Taylor,H,5,1,0,0,2023_24
2024-01-13,Newcastle,Man City,C Kavanagh,A,1,2,0,0,2023_24
2024-01-14,Everton,Aston Villa,D Coote,D,1,4,0,0,2023_24
2024-01-14,Man United,Tottenham,J Brooks,D,2,1,0,0,2023_24
2024-01-20,Arsenal,Crystal Palace,P Tierney,H,0,0,0,0,2023_24
2024-01-20,Brentford,Nott'm Forest,D England,H,1,3,0,0,2023_24
2024-01-21,Sheffield United,West Ham,M Salisbury,D,3,1,1,1,2023_24
2024-01-21,Bournemouth,Liverpool,A Madley,A,1,2,0,0,2023_24
2024-01-22,Brighton,Wolves,C Pawson,D,1,4,0,0,2023_24
2024-01-30,Nott'm Forest,Arsenal,S Hooper,A,0,1,0,0,2023_24
2024-01-30,Fulham,Everton,T Bramall,D,1,2,0,0,2023_24
2024-01-30,Luton,Brighton,R Jones,H,2,2,0,0,2023_24
2024-01-30,Crystal Palace,Sheffield United,T Harrington,H,1,4,0,0,2023_24
2024-01-30,Aston Villa,Newcastle,J Brooks,A,4,1,0,0,2023_24
2024-01-31,Man City,Burnley,S Barrott,H,2,2,0,0,2023_24
2024-01-31,Tottenham,Brentford,D Coote,H,2,3,0,0,2023_24
2024-01-31,Liverpool,Chelsea,P Tierney,H,2,4,0,0,2023_24
2024-02-01,West Ham,Bournemouth,T Robinson,D,1,3,0,0,2023_24
2024-02-01,Wolves,Man United,J Gillett,A,2,5,0,0,2023_24
2024-02-03,Everton,Tottenham,M Oliver,D,3,0,0,0,2023_24
2024-02-03,Brighton,Crystal Palace,S Hooper,H,1,3,0,0,2023_24
2024-02-03,Burnley,Fulham,D Bond,D,2,2,0,0,2023_24
2024-02-03,Newcastle,Luton,T Bramall,D,2,2,0,0,2023_24
2024-02-03,Sheffield United,Aston Villa,P Tierney,A,1,0,0,0,2023_24
2024-02-04,Bournemouth,Nott'm Forest,R Welch,D,3,2,1,0,2023_24
2024-02-04,Chelsea,Wolves,T Robinson,A,3,2,0,0,2023_24
2024-02-04,Man United,West Ham,A Madley,H,0,1,0,0,2023_24
2024-02-04,Arsenal,Liverpool,A Taylor,H,6,2,0,1,2023_24
2024-02-05,Brentford,Man City,J Gillett,A,1,0,0,0,2023_24
2024-02-10,Man City,Everton,J Brooks,H,0,2,0,0,2023_24
2024-02-10,Fulham,Bournemouth,D England,H,1,2,0,0,2023_24
2024-02-10,Liverpool,Burnley,T Robinson,H,3,2,0,0,2023_24
2024-02-10,Luton,Sheffield United,C Kavanagh,A,1,2,0,0,2023_24
2024-02-10,Tottenham,Brighton,S Barrott,H,2,3,0,0,2023_24
2024-02-10,Wolves,Brentford,S Hooper,A,2,3,0,0,2023_24
2024-02-10,Nott'm Forest,Newcastle,A Taylor,A,1,2,0,0,2023_24
2024-02-11,West Ham,Arsenal,C Pawson,A,4,0,0,0,2023_24
2024-02-11,Aston Villa,Man United,R Jones,A,3,2,0,0,2023_24
2024-02-12,Crystal Palace,Chelsea,M Oliver,A,2,2,0,0,2023_24
2024-02-17,Brentford,Liverpool,M Oliver,A,2,1,0,0,2023_24
2024-02-17,Burnley,Arsenal,J Gillett,A,2,1,0,0,2023_24
2024-02-17,Fulham,Aston Villa,L Smith,A,5,2,0,0,2023_24
2024-02-17,Newcastle,Bournemouth,M Salisbury,D,1,3,0,0,2023_24
2024-02-17,Nott'm Forest,West Ham,T Bramall,H,4,4,0,1,2023_24
2024-02-17,Tottenham,Wolves,A Taylor,A,0,1,0,0,2023_24
2024-02-17,Man City,Chelsea,A Madley,D,1,3,0,0,2023_24
2024-02-18,Sheffield United,Brighton,S Attwell,A,1,4,1,0,2023_24
2024-02-18,Luton,Man United,D Coote,A,3,5,0,0,2023_24
2024-02-19,Everton,Crystal Palace,P Tierney,D,0,2,0,0,2023_24
2024-02-20,Man City,Brentford,D England,H,2,4,0,0,2023_24
2024-02-21,Liverpool,Luton,A Madley,H,1,4,0,0,2023_24
2024-02-24,Aston Villa,Nott'm Forest,S Barrott,H,1,2,0,0,2023_24
2024-02-24,Brighton,Everton,T Harrington,D,2,3,1,0,2023_24
2024-02-24,Crystal Palace,Burnley,L Smith,H,3,1,0,1,2023_24
2024-02-24,Man United,Fulham,M Oliver,A,2,5,0,0,2023_24
2024-02-24,Bournemouth,Man City,J Gillett,A,2,2,0,0,2023_24
2024-02-24,Arsenal,Newcastle,P Tierney,H,1,0,0,0,2023_24
2024-02-25,Wolves,Sheffield United,D Bond,H,2,1,0,0,2023_24
2024-02-26,West Ham,Brentford,S Hooper,H,1,2,0,0,2023_24
2024-03-02,Brentford,Chelsea,J Gillett,D,3,1,0,0,2023_24
2024-03-02,Everton,West Ham,C Pawson,A,1,2,0,0,2023_24
2024-03-02,Fulham,Brighton,S Hooper,H,1,2,0,0,2023_24
2024-03-02,Newcastle,Wolves,T Robinson,H,0,1,0,0,2023_24
2024-03-02,Nott'm Forest,Liverpool,P Tierney,A,2,2,0,0,2023_24
2024-03-02,Tottenham,Crystal Palace,J Brooks,H,1,2,0,0,2023_24
2024-03-02,Luton,Aston Villa,M Oliver,A,1,4,0,0,2023_24
2024-03-03,Burnley,Bournemouth,D Coote,A,2,4,0,0,2023_24
2024-03-03,Man City,Man United,A Madley,H,0,1,0,0,2023_24
2024-03-04,Sheffield United,Arsenal,S Barrott,A,1,0,0,0,2023_24
2024-03-09,Man United,Everton,S Hooper,H,1,2,0,0,2023_24
2024-03-09,Bournemouth,Sheffield United,A Taylor,D,3,5,0,0,2023_24
2024-03-09,Crystal Palace,Luton,S Singh,D,2,3,0,0,2023_24
2024-03-09,Wolves,Fulham,T Harrington,H,2,2,0,0,2023_24
2024-03-09,Arsenal,Brentford,R Jones,H,2,4,0,0,2023_24
2024-03-10,Aston Villa,Tottenham,C Kavanagh,A,0,2,1,0,2023_24
2024-03-10,Brighton,Nott'm Forest,M Salisbury,H,4,4,0,0,2023_24
2024-03-10,West Ham,Burnley,D England,D,2,4,0,0,2023_24
2024-03-10,Liverpool,Man City,M Oliver,D,0,3,0,0,2023_24
2024-03-11,Chelsea,Newcastle,J Brooks,H,3,1,0,0,2023_24
2024-03-13,Bournemouth,Luton,S Allison,H,1,2,0,0,2023_24
2024-03-16,Burnley,Brentford,D Bond,H,2,4,0,1,2023_24
2024-03-16,Luton,Nott'm Forest,D England,D,1,2,0,0,2023_24
2024-03-16,Fulham,Tottenham,R Jones,H,2,3,0,0,2023_24
2024-03-17,West Ham,Aston Villa,J Gillett,D,3,3,0,0,2023_24
2024-03-30,Newcastle,West Ham,R Jones,H,1,1,1,0,2023_24
2024-03-30,Bournemouth,Everton,S Barrott,H,1,2,0,0,2023_24
2024-03-30,Chelsea,Burnley,D England,D,2,2,0,1,2023_24
2024-03-30,Nott'm Forest,Crystal Palace,C Kavanagh,D,1,1,0,0,2023_24
2024-03-30,Sheffield United,Fulham,T Robinson,D,4,1,0,0,2023_24
2024-03-30,Tottenham,Luton,J Gillett,H,2,4,0,0,2023_24
2024-03-30,Aston Villa,Wolves,P Tierney,H,3,4,0,0,2023_24
2024-03-30,Brentford,Man United,S Hooper,D,2,2,0,0,2023_24
2024-03-31,Liverpool,Brighton,D Coote,H,5,3,0,0,2023_24
2024-03-31,Man City,Arsenal,A Taylor,D,0,2,0,0,2023_24
2024-04-02,Newcastle,Everton,T Harrington,D,0,3,0,0,2023_24
2024-04-02,Nott'm Forest,Fulham,M Oliver,H,0,0,0,0,2023_24
2024-04-02,Bournemouth,Crystal Palace,G Scott,H,3,2,0,0,2023_24
2024-04-02,Burnley,Wolves,T Bramall,D,0,2,0,0,2023_24
2024-04-02,West Ham,Tottenham,J Brooks,D,1,4,0,0,2023_24
2024-04-03,Arsenal,Luton,C Pawson,H,1,1,0,0,2023_24
2024-04-03,Brentford,Brighton,A Madley,D,1,1,0,0,2023_24
2024-04-03,Man City,Aston Villa,D England,H,1,2,0,0,2023_24
2024-04-04,Liverpool,Sheffield United,S Attwell,H,0,1,0,0,2023_24
2024-04-04,Chelsea,Man United,J Gillett,H,3,0,0,0,2023_24
2024-04-06,Crystal Palace,Man City,P Tierney,A,1,1,0,0,2023_24
2024-04-06,Aston Villa,Brentford,M Salisbury,D,2,2,0,0,2023_24
2024-04-06,Everton,Burnley,M Oliver,H,2,1,0,1,2023_24
2024-04-06,Fulham,Newcastle,S Allison,A,1,2,0,0,2023_24
2024-04-06,Luton,Bournemouth,A Madley,H,0,0,0,0,2023_24
2024-04-06,Wolves,West Ham,T Harrington,A,5,2,0,0,2023_24
2024-04-06,Brighton,Arsenal,J Brooks,A,1,2,0,0,2023_24
2024-04-07,Man United,Liverpool,A Taylor,D,5,2,0,0,2023_24
2024-04-07,Sheffield United,Chelsea,R Jones,D,4,2,0,0,2023_24
2024-04-07,Tottenham,Nott'm Forest,S Hooper,H,2,3,0,0,2023_24
2024-04-13,Newcastle,Tottenham,T Robinson,H,0,4,0,0,2023_24
2024-04-13,Brentford,Sheffield United,S Barrott,H,3,1,0,0,2023_24
2024-04-13,Burnley,Brighton,S Hooper,D,1,2,0,0,2023_24
2024-04-13,Man City,Luton,J Brooks,H,1,0,0,0,2023_24
2024-04-13,Nott'm Forest,Wolves,C Pawson,D,2,3,0,0,2023_24
2024-04-13,Bournemouth,Man United,T Harrington,D,4,0,0,0,2023_24
2024-04-14,Liverpool,Crystal Palace,C Kavanagh,A,1,1,0,0,2023_24
2024-04-14,West Ham,Fulham,S Attwell,A,1,2,0,0,2023_24
2024-04-14,Arsenal,Aston Villa,D Coote,A,3,1,0,0,2023_24
2024-04-15,Chelsea,Everton,P Tierney,H,1,4,0,0,2023_24
2024-04-20,Luton,Brentford,J Gillett,A,1,2,0,0,2023_24
2024-04-20,Sheffield United,Burnley,A Madley,A,1,0,0,0,2023_24
2024-04-20,Wolves,Arsenal,P Tierney,A,3,2,0,0,2023_24
2024-04-21,Everton,Nott'm Forest,A Taylor,H,3,2,0,0,2023_24
2024-04-21,Aston Villa,Bournemouth,T Robinson,H,1,3,0,0,2023_24
2024-04-21,Crystal Palace,West Ham,G Scott,H,3,2,0,0,2023_24
2024-04-21,Fulham,Liverpool,C Pawson,A,3,0,0,0,2023_24
2024-04-23,Arsenal,Chelsea,S Hooper,H,2,2,0,0,2023_24
2024-04-24,Wolves,Bournemouth,S Attwell,A,4,1,0,1,2023_24
2024-04-24,Crystal Palace,Newcastle,T Bramall,H,3,3,0,0,2023_24
2024-04-24,Everton,Liverpool,A Madley,H,0,3,0,0,2023_24
2024-04-24,Man United,Sheffield United,M Salisbury,H,0,1,0,0,2023_24
2024-04-25,Brighton,Man City,J Gillett,A,2,0,0,0,2023_24
2024-04-27,West Ham,Liverpool,A Taylor,D,0,2,0,0,2023_24
2024-04-27,Fulham,Crystal Palace,S Attwell,D,0,2,0,0,2023_24
2024-04-27,Man United,Burnley,J Brooks,D,1,3,0,0,2023_24
2024-04-27,Newcastle,Sheffield United,T Harrington,H,0,0,0,0,2023_24
2024-04-27,Wolves,Luton,D Coote,H,3,1,0,0,2023_24
2024-04-27,Everton,Brentford,D England,H,1,2,0,0,2023_24
2024-04-27,Aston Villa,Chelsea,C Pawson,D,3,5,0,0,2023_24
2024-04-28,Bournemouth,Brighton,P Tierney,H,2,2,0,0,2023_24
2024-04-28,Tottenham,Arsenal,M Oliver,A,2,1,0,0,2023_24
2024-04-28,Nott'm Forest,Man City,S Hooper,A,0,0,0,0,2023_24
2024-05-02,Chelsea,Tottenham,R Jones,H,0,1,0,0,2023_24
2024-05-03,Luton,Everton,T Robinson,D,1,3,0,0,2023_24
2024-05-04,Arsenal,Bournemouth,D Coote,H,2,3,0,0,2023_24
2024-05-04,Brentford,Fulham,G Scott,D,1,1,0,0,2023_24
2024-05-04,Burnley,Newcastle,A Taylor,A,2,2,0,0,2023_24
2024-05-04,Sheffield United,Nott'm Forest,C Kavanagh,A,0,1,1,0,2023_24
2024-05-04,Man City,Wolves,C Pawson,H,0,4,0,0,2023_24
2024-05-05,Brighton,Aston Villa,R Jones,H,2,1,0,0,2023_24
2024-05-05,Chelsea,West Ham,A Madley,H,1,3,0,0,2023_24
2024-05-05,Liverpool,Tottenham,P Tierney,H,1,4,0,0,2023_24
2024-05-06,Crystal Palace,Man United,J Gillett ,H,1,1,0,0,2023_24
2024-05-11,Fulham,Man City,A Taylor,A,1,0,1,0,2023_24
2024-05-11,Bournemouth,Brentford,M Donohue,A,2,2,0,0,2023_24
2024-05-11,Everton,Sheffield United,S Attwell,H,1,2,0,0,2023_24
2024-05-11,Newcastle,Brighton,D England,D,3,4,0,0,2023_24
2024-05-11,Tottenham,Burnley,J Gillett,H,3,5,0,0,2023_24
2024-05-11,West Ham,Luton,M Oliver,H,1,3,0,0,2023_24
2024-05-11,Wolves,Crystal Palace,T Bramall,A,3,2,0,1,2023_24
2024-05-11,Nott'm Forest,Chelsea,T Harrington,A,2,3,0,0,2023_24
2024-05-12,Man United,Arsenal,P Tierney,A,0,2,0,0,2023_24
2024-05-13,Aston Villa,Liverpool,S Hooper,D,1,1,0,0,2023_24
2024-05-14,Tottenham,Man City,C Kavanagh,A,3,3,0,0,2023_24
2024-05-15,Brighton,Chelsea,M Salisbury,A,2,2,0,1,2023_24
2024-05-15,Man United,Newcastle,R Jones,H,3,3,0,0,2023_24
2024-05-19,Arsenal,Everton,M Oliver,H,4,3,0,0,2023_24
2024-05-19,Brentford,Newcastle,S Hooper,A,4,4,0,0,2023_24
2024-05-19,Brighton,Man United,C Pawson,A,1,3,0,0,2023_24
2024-05-19,Burnley,Nott'm Forest,G Scott,A,1,0,0,0,2023_24
2024-05-19,Chelsea,Bournemouth,A Taylor,H,2,3,0,0,2023_24
2024-05-19,Crystal Palace,Aston Villa,D Bond,H,1,4,0,0,2023_24
2024-05-19,Liverpool,Wolves,C Kavanagh,H,1,1,0,1,2023_24
2024-05-19,Luton,Fulham,M Donohue,A,5,4,0,0,2023_24
2024-05-19,Man City,West Ham,J Brooks,H,0,1,0,0,2023_24
2024-05-19,Sheffield United,Tottenham,A Madley,A,2,0,0,0,2023_24
