{
  "timestamp": "2025_08_30_202838",
  "baseline_performance": 0.5094736842105264,
  "v20_performance": 0.5178947368421053,
  "odds_impact_pp": 0.8421052631578885,
  "evidence": {
    "baseline_underperforms": 