{
  "version": "v1.3 Ensemble Methods",
  "timestamp": "2025_08_30_173917",
  "best_model": "Voting Hard",
  "best_score": 0.5242105263157895,
  "baseline_v12": 0.522,
  "improvement": 0.22105263157894406,
  "individual_models": {
    "Random Forest Optimized": {
      "cv_scores": [
        0.4710526315789474,
        0.5394736842105263,
        0.5236842105263158,
        0.5552631578947368,
        0.5210526315789473
      ],
      "mean": 0.5221052631578947,
      "std": 0.02832341904647095
    },
    "XGBoost Conservative": {
      "cv_scores": [
        0.46842105263157896,
        0.5394736842105263,
        0.5526315789473685,
        0.55,
        0.5052631578947369
      ],
      "mean": 0.523157894736842,
      "std": 0.03216129708937304
    },
    "LightGBM Tuned": {
      "cv_scores": [
        0.4131578947368421,
        0.48157894736842105,
        0.4789473684210526,
        0.5263157894736842,
        0.4631578947368421
      ],
      "mean": 0.4726315789473684,
      "std": 0.0364110116977431
    }
  },
  "ensemble_models": {
    "Voting Hard": {
      "cv_scores": [
        0.47368421052631576,
        0.5368421052631579,
        0.5473684210526316,
        0.5473684210526316,
        0.5157894736842106
      ],
      "mean": 0.5242105263157895,
      "std": 0.027770328333206164
    },
    "Voting Soft": {
      "cv_scores": [
        0.4394736842105263,
        0.5210526315789473,
        0.5105263157894737,
        0.5473684210526316,
        0.5052631578947369
      ],
      "mean": 0.5047368421052632,
      "std": 0.03571199042881554
    },
    "Stacking": {
      "cv_scores": [
        0.45263157894736844,
        0.4842105263157895,
        0.5184210526315789,
        0.531578947368421,
        0.49473684210526314
      ],
      "mean": 0.49631578947368415,
      "std": 0.027529888064467396
    }
  },
  "features": [
    "form_diff_normalized",
    "elo_diff_normalized",
    "h2h_score",
    "home_advantage",
    "matchday_normalized",
    "season_period_numeric",
    "shots_diff_normalized",
    "corners_diff_normalized"
  ],
  "data_info": {
    "samples": 2280,
    "features": 8
  }
}