feature,importance
elo_diff_normalized,0.28491762672897974
shots_diff_normalized,0.18466059542045535
corners_diff_normalized,0.14469113386940638
form_diff_normalized,0.13219995352662106
matchday_normalized,0.11678688805187665
h2h_score,0.11119019672416432
season_period_numeric,0.025553605678496575
home_advantage,0.0
