{
  "timestamp": "2025_08_30_171727",
  "best_config": "XGBoost Conservative",
  "best_score": 0.52,
  "features_v11_count": 8,
  "features_v12_count": 11,
  "new_features": [
    "elo_home_advantage",
    "form_momentum",
    "h2h_recent_weight"
  ],
  "models": {
    "XGBoost Conservative": {
      "v11_score": 0.5157894736842106,
      "v11_std": 0.032315960911597365,
      "v12_score": 0.52,
      "v12_std": 0.03746096768268261,
      "improvement": 0.42105263157894424,
      "cv_scores_v11": [
        0.45526315789473687,
        0.5210526315789473,
        0.5263157894736842,
        0.5526315789473685,
        0.5236842105263158
      ],
      "cv_scores_v12": [
        0.45263157894736844,
        0.5289473684210526,
        0.5263157894736842,
        0.5684210526315789,
        0.5236842105263158
      ]
    },
    "Random Forest Optimized": {
      "v11_score": 0.5157894736842106,
      "v11_std": 0.02906673951891385,
      "v12_score": 0.5142105263157895,
      "v12_std": 0.032724824329915386,
      "improvement": -0.15789473684211242,
      "cv_scores_v11": [
        0.4631578947368421,
        0.5447368421052632,
        0.5105263157894737,
        0.5394736842105263,
        0.5210526315789473
      ],
      "cv_scores_v12": [
        0.45789473684210524,
        0.5289473684210526,
        0.5026315789473684,
        0.5552631578947368,
        0.5263157894736842
      ]
    }
  },
  "baselines": {
    "v1.1 Baseline": 0.512,
    "v1.2 Optimized (no new features)": 0.523
  }
}